CHEMBL2392493,AATBKSLPLAFVJV-UHFFFAOYSA-N,,,P23458,TYROSINE-PROTEIN KINASE JAK1,JAK1,23642482.0,pKI,8.102372908709558,NM,CC1(CCN(CC1)S(=O)(=O)C)n2nnc3cnc4[nH]ccc4c23
CHEMBL2152401,ACNVABWWXNLKFC-UHFFFAOYSA-N,,,P23458,TYROSINE-PROTEIN KINASE JAK1,JAK1,22591402.0,pKI,9.221848749616356,NM,N#CCCN1CCC(CC1)n2cnc3cnc4[nH]ccc4c23
CHEMBL2152401,ACNVABWWXNLKFC-UHFFFAOYSA-N,,,P23458,TYROSINE-PROTEIN KINASE JAK1,JAK1,23107482.0,pKI,9.221848749616356,NM,N#CCCN1CCC(CC1)n2cnc3cnc4[nH]ccc4c23
CHEMBL2392483,AJFDBHJWPGNNPF-MGCOHNPYSA-N,,,P23458,TYROSINE-PROTEIN KINASE JAK1,JAK1,23642482.0,pKI,7.920818753952375,NM,COC(=O)N[C@@H]1CC[C@H](CC1)n2nnc3cnc4[nH]ccc4c23
CHEMBL2420855,AKIIBRBDARELEE-UHFFFAOYSA-N,,,P23458,TYROSINE-PROTEIN KINASE JAK1,JAK1,23867602.0,pKI,5.455931955649724,NM,FC(F)(F)c1ccc(C(=O)Nc2ccncc2)c(Cl)c1
CHEMBL2152394,ANCAFXHQQGVIIU-UHFFFAOYSA-N,,,P23458,TYROSINE-PROTEIN KINASE JAK1,JAK1,22591402.0,pKI,7.721246399047171,NM,O=C(CC#N)N1CCC(CC1)n2cnc3cnc4[nH]ccc4c23
CHEMBL2386633,ANDWOIMHOOWCLK-IJLUTSLNSA-N,,,P23458,TYROSINE-PROTEIN KINASE JAK1,JAK1,23659214.0,pKI,8.721246399047171,NM,C[C@@H](O)c1nc2cnc3[nH]ccc3c2n1[C@@H]4CC[C@H](CC4)C#N
CHEMBL2386634,ANDWOIMHOOWCLK-UTUOFQBUSA-N,,,P23458,TYROSINE-PROTEIN KINASE JAK1,JAK1,23659214.0,pKI,9.045757490560675,NM,C[C@@H](O)c1nc2cnc3[nH]ccc3c2n1[C@@H]4CC[C@@H](CC4)C#N
CHEMBL2420850,APPLHBUWQDBEOB-UHFFFAOYSA-N,,,P23458,TYROSINE-PROTEIN KINASE JAK1,JAK1,23867602.0,pKI,5.455931955649724,NM,COc1cccc(C(=O)Nc2ccncc2)c1Cl
CHEMBL2420826,APYBKHALFMOUFU-UHFFFAOYSA-N,,,P23458,TYROSINE-PROTEIN KINASE JAK1,JAK1,23867602.0,pKI,6.309803919971486,NM,Clc1cccc(Cl)c1C(=O)Nc2ccnc(Nc3cnccn3)c2
CHEMBL2420815,AWGCPCAOWIBXFS-UHFFFAOYSA-N,,,P23458,TYROSINE-PROTEIN KINASE JAK1,JAK1,23867602.0,pKI,5.455931955649724,NM,Clc1cccc(Cl)c1C(=O)NCc2ccncc2
CHEMBL2151053,BABQSAAUPBKRBJ-XYPYZODXSA-N,,,P23458,TYROSINE-PROTEIN KINASE JAK1,JAK1,22591402.0,pKI,8.022276394711152,NM,COC(=O)N[C@@H]1CC[C@H](CC1)n2cnc3cnc4[nH]ccc4c23
CHEMBL3639663,BAJWFUQPOIPLDS-UHFFFAOYSA-N,,,P23458,TYROSINE-PROTEIN KINASE JAK1,JAK1,,pKI,8.823908740944319,NM,COc1ccc(Cl)cc1c2nn(CC(O)(C(F)(F)F)C(F)(F)F)cc2NC(=O)c3cnn4cccnc34
CHEMBL3639663,BAJWFUQPOIPLDS-UHFFFAOYSA-N,,,P23458,TYROSINE-PROTEIN KINASE JAK1,JAK1,,pKI,8.244125144327509,NM,COc1ccc(Cl)cc1c2nn(CC(O)(C(F)(F)F)C(F)(F)F)cc2NC(=O)c3cnn4cccnc34
CHEMBL3639663,BAJWFUQPOIPLDS-UHFFFAOYSA-N,,,P23458,TYROSINE-PROTEIN KINASE JAK1,JAK1,,pKI,7.508638306165727,NM,COc1ccc(Cl)cc1c2nn(CC(O)(C(F)(F)F)C(F)(F)F)cc2NC(=O)c3cnn4cccnc34
CHEMBL3667523,BGASWXPPHGCMFI-UHFFFAOYSA-N,,,P23458,TYROSINE-PROTEIN KINASE JAK1,JAK1,,pKI,9.301029995663981,NM,COc1ccc(Cl)cc1c2nn(CC(=O)N3CCC=CC3)cc2NC(=O)c4cnn5cccnc45
CHEMBL3667523,BGASWXPPHGCMFI-UHFFFAOYSA-N,,,P23458,TYROSINE-PROTEIN KINASE JAK1,JAK1,,pKI,8.602059991327963,NM,COc1ccc(Cl)cc1c2nn(CC(=O)N3CCC=CC3)cc2NC(=O)c4cnn5cccnc45
CHEMBL3667523,BGASWXPPHGCMFI-UHFFFAOYSA-N,,,P23458,TYROSINE-PROTEIN KINASE JAK1,JAK1,,pKI,8.0,NM,COc1ccc(Cl)cc1c2nn(CC(=O)N3CCC=CC3)cc2NC(=O)c4cnn5cccnc45
CHEMBL2152424,BHOOARRVSBTDLY-NXEZZACHSA-N,,,P23458,TYROSINE-PROTEIN KINASE JAK1,JAK1,22591402.0,pKI,8.494850021680094,NM,COC(=O)N[C@@H]1CC[C@H](C1)n2cnc3cnc4[nH]ccc4c23
CHEMBL2392497,BIWCELRLKBXHKJ-PSASIEDQSA-N,,,P23458,TYROSINE-PROTEIN KINASE JAK1,JAK1,23642482.0,pKI,7.6777807052660805,NM,F[C@@H]1CNCC[C@H]1n2nnc3cnc4[nH]ccc4c23
CHEMBL2392496,BIWCELRLKBXHKJ-WCBMZHEXSA-N,,,P23458,TYROSINE-PROTEIN KINASE JAK1,JAK1,23642482.0,pKI,6.703334809738469,NM,F[C@H]1CNCC[C@H]1n2nnc3cnc4[nH]ccc4c23
CHEMBL2152423,BJZMSCPZZCANOI-HAQNSBGRSA-N,,,P23458,TYROSINE-PROTEIN KINASE JAK1,JAK1,22591402.0,pKI,7.886056647693163,NM,COC(=O)N(C)[C@@H]1CC[C@H](CC1)n2cnc3cnc4[nH]ccc4c23
CHEMBL2386649,BKVMTNCJXJBZBI-VXGBXAGGSA-N,,,P23458,TYROSINE-PROTEIN KINASE JAK1,JAK1,23659214.0,pKI,8.2839966563652,NM,C[C@@H](O)c1nc2cnc3[nH]ccc3c2n1[C@@H]4CCCN(C4)C(=O)CC#N
CHEMBL2392498,BOSVNYKKFYBKJG-KYZUINATSA-N,,,P23458,TYROSINE-PROTEIN KINASE JAK1,JAK1,23642482.0,pKI,7.6777807052660805,NM,N[C@@H]1CC[C@H](CC1)n2nnc3cnc4[nH]ccc4c23
CHEMBL2436963,BRTKCFSBXZGLGU-UHFFFAOYSA-N,,,P23458,TYROSINE-PROTEIN KINASE JAK1,JAK1,24042009.0,pKI,6.38933983691012,NM,OCC1(CCCC1)Nc2ncnc3C(=O)NC=Cc23
CHEMBL2392488,BSDAVOOPCQRDNA-UHFFFAOYSA-N,,,P23458,TYROSINE-PROTEIN KINASE JAK1,JAK1,23642482.0,pKI,8.67778070526608,NM,N#CCCN1CCC(CC1)n2nnc3cnc4[nH]ccc4c23
CHEMBL3667524,BVMSQKXHZARQEQ-UHFFFAOYSA-N,,,P23458,TYROSINE-PROTEIN KINASE JAK1,JAK1,,pKI,9.0,NM,COc1ccc(cc1c2nn(CC3(O)CCCC3)cc2NC(=O)c4cnn5cccnc45)C#N
CHEMBL3667524,BVMSQKXHZARQEQ-UHFFFAOYSA-N,,,P23458,TYROSINE-PROTEIN KINASE JAK1,JAK1,,pKI,8.3767507096021,NM,COc1ccc(cc1c2nn(CC3(O)CCCC3)cc2NC(=O)c4cnn5cccnc45)C#N
CHEMBL3667524,BVMSQKXHZARQEQ-UHFFFAOYSA-N,,,P23458,TYROSINE-PROTEIN KINASE JAK1,JAK1,,pKI,7.337242168318426,NM,COc1ccc(cc1c2nn(CC3(O)CCCC3)cc2NC(=O)c4cnn5cccnc45)C#N
CHEMBL2152410,BWPNCYRXNLKRPL-UHFFFAOYSA-N,,,P23458,TYROSINE-PROTEIN KINASE JAK1,JAK1,22591402.0,pKI,7.481486060122112,NM,CC1(CCN(CC(F)(F)F)CC1)n2cnc3cnc4[nH]ccc4c23
CHEMBL2436939,BZVIIPOKCSDKTI-PSASIEDQSA-N,,,P23458,TYROSINE-PROTEIN KINASE JAK1,JAK1,24042009.0,pKI,8.337242168318426,NM,CNc1nc(N[C@@H]2CCC[C@@H]2C#N)c3C=CNC(=O)c3n1
CHEMBL2420832,CEJFWHOOEUEYOE-UHFFFAOYSA-N,,,P23458,TYROSINE-PROTEIN KINASE JAK1,JAK1,23867602.0,pKI,5.619788758288394,NM,CCC(=O)Nc1cc(NC(=O)c2c(Cl)cccc2Cl)ccn1
CHEMBL3667512,CHPDJDGBCILPAW-UHFFFAOYSA-N,,,P23458,TYROSINE-PROTEIN KINASE JAK1,JAK1,,pKI,7.818156412055227,NM,Clc1ccccc1n2nccc2NC(=O)c3cnn4cccnc34
CHEMBL3667512,CHPDJDGBCILPAW-UHFFFAOYSA-N,,,P23458,TYROSINE-PROTEIN KINASE JAK1,JAK1,,pKI,7.07727454200674,NM,Clc1ccccc1n2nccc2NC(=O)c3cnn4cccnc34
CHEMBL3667512,CHPDJDGBCILPAW-UHFFFAOYSA-N,,,P23458,TYROSINE-PROTEIN KINASE JAK1,JAK1,,pKI,7.008773924307505,NM,Clc1ccccc1n2nccc2NC(=O)c3cnn4cccnc34
CHEMBL2420854,CNUMGKSMDVCODH-UHFFFAOYSA-N,,,P23458,TYROSINE-PROTEIN KINASE JAK1,JAK1,23867602.0,pKI,5.337242168318426,NM,Clc1ccc(C(=O)Nc2ccncc2)c(Cl)c1
CHEMBL2392500,COGIAVJREKAVDL-SNVBAGLBSA-N,,,P23458,TYROSINE-PROTEIN KINASE JAK1,JAK1,23642482.0,pKI,8.823908740944319,NM,O=C(CC#N)N1CCC[C@H](C1)n2nnc3cnc4[nH]ccc4c23
CHEMBL2420813,CORRJCPCJOZABB-UHFFFAOYSA-N,,,P23458,TYROSINE-PROTEIN KINASE JAK1,JAK1,23867602.0,pKI,5.585026652029182,NM,COC(=O)Nc1cc(NC(=O)c2c(Cl)cccc2Cl)ccn1
CHEMBL2420857,CQQCQYYCRVGPEY-UHFFFAOYSA-N,,,P23458,TYROSINE-PROTEIN KINASE JAK1,JAK1,23867602.0,pKI,5.455931955649724,NM,COc1ccc(C(=O)Nc2ccncc2)c(Cl)c1
CHEMBL2386625,CRCKNDMRYHWSFU-GMTAPVOTSA-N,,,P23458,TYROSINE-PROTEIN KINASE JAK1,JAK1,23659214.0,pKI,8.267606240177031,NM,C[C@@H](O)c1nc2cnc3[nH]ccc3c2n1[C@@H]4CC[C@@H](O)CC4
CHEMBL2386626,CRCKNDMRYHWSFU-MXWKQRLJSA-N,,,P23458,TYROSINE-PROTEIN KINASE JAK1,JAK1,23659214.0,pKI,7.920818753952375,NM,C[C@@H](O)c1nc2cnc3[nH]ccc3c2n1[C@@H]4CC[C@H](O)CC4
CHEMBL2436948,CSPBKPJPMBZXKJ-UHFFFAOYSA-N,,,P23458,TYROSINE-PROTEIN KINASE JAK1,JAK1,24042009.0,pKI,6.920818753952375,NM,O=C1NC=Cc2c(NC3CCC3)ncnc12
CHEMBL2206627,CTBHEABMOKRVJO-UHFFFAOYSA-N,,,P23458,TYROSINE-PROTEIN KINASE JAK1,JAK1,23107482.0,pKI,8.236572006437063,NM,CS(=O)(=O)NCc1nc2cnc3[nH]ccc3c2n1C4CCCOC4
CHEMBL2206627,CTBHEABMOKRVJO-UHFFFAOYSA-N,,,P23458,TYROSINE-PROTEIN KINASE JAK1,JAK1,23107482.0,pKI,7.013228265733755,NM,CS(=O)(=O)NCc1nc2cnc3[nH]ccc3c2n1C4CCCOC4
CHEMBL2159208,CWEUVEHFZMZIKU-HAQNSBGRSA-N,,,P23458,TYROSINE-PROTEIN KINASE JAK1,JAK1,22698084.0,pKI,8.585026652029182,NM,COC(=O)N[C@@H]1CC[C@H](CC1)n2c(C)nc3cnc4[nH]ccc4c23
CHEMBL2420823,DAPDNKHRFLGXBE-UHFFFAOYSA-N,,,P23458,TYROSINE-PROTEIN KINASE JAK1,JAK1,23867602.0,pKI,5.455931955649724,NM,Clc1cccc(Cl)c1C(=O)Nc2ccnc(Nc3ccccc3)c2
CHEMBL2436968,DFQJASMSYQOPGG-DTWKUNHWSA-N,,,P23458,TYROSINE-PROTEIN KINASE JAK1,JAK1,24042009.0,pKI,7.187086643357144,NM,O=C1NC=Cc2c(N[C@@H]3CC[C@@H](C3)C#N)ncnc12
CHEMBL2436969,DFQJASMSYQOPGG-RKDXNWHRSA-N,,,P23458,TYROSINE-PROTEIN KINASE JAK1,JAK1,24042009.0,pKI,6.82102305270683,NM,O=C1NC=Cc2c(N[C@@H]3CC[C@H](C3)C#N)ncnc12
CHEMBL2392492,DHTZDRXBWBOPQH-UHFFFAOYSA-N,,,P23458,TYROSINE-PROTEIN KINASE JAK1,JAK1,23642482.0,pKI,6.806875401645538,NM,CC1(CCN(CCC#N)CC1)n2nnc3cnc4[nH]ccc4c23
CHEMBL2420837,DKCKMGPXTTZSPP-UHFFFAOYSA-N,,,P23458,TYROSINE-PROTEIN KINASE JAK1,JAK1,23867602.0,pKI,5.455931955649724,NM,Clc1cccc(Cl)c1C(=O)Nc2ccnc(NC(=O)C3CCCC3)c2
CHEMBL2420843,DKDXAISROSUFCX-UHFFFAOYSA-N,,,P23458,TYROSINE-PROTEIN KINASE JAK1,JAK1,23867602.0,pKI,5.455931955649724,NM,FC(F)(F)c1ccccc1C(=O)Nc2ccncc2
CHEMBL2420821,DKNAYSZNMZIMIZ-UHFFFAOYSA-N,,,P23458,TYROSINE-PROTEIN KINASE JAK1,JAK1,23867602.0,pKI,5.5376020021010435,NM,CC(=O)Nc1cc(NC(=O)c2c(Cl)cccc2Cl)ccn1
CHEMBL3667517,DNAVEOJHRAGDMN-UHFFFAOYSA-N,,,P23458,TYROSINE-PROTEIN KINASE JAK1,JAK1,,pKI,8.585026652029182,NM,COc1ccc(cc1c2nn(Cc3nncn3C)cc2NC(=O)c4cnn5cccnc45)C#N
CHEMBL3667517,DNAVEOJHRAGDMN-UHFFFAOYSA-N,,,P23458,TYROSINE-PROTEIN KINASE JAK1,JAK1,,pKI,8.3767507096021,NM,COc1ccc(cc1c2nn(Cc3nncn3C)cc2NC(=O)c4cnn5cccnc45)C#N
CHEMBL3667517,DNAVEOJHRAGDMN-UHFFFAOYSA-N,,,P23458,TYROSINE-PROTEIN KINASE JAK1,JAK1,,pKI,7.187086643357144,NM,COc1ccc(cc1c2nn(Cc3nncn3C)cc2NC(=O)c4cnn5cccnc45)C#N
CHEMBL2434989,FCTPOQHJQPWBOI-UHFFFAOYSA-N,,,P23458,TYROSINE-PROTEIN KINASE JAK1,JAK1,24042009.0,pKI,6.628932137728263,NM,O=C1NC=Cc2c(NC3CCCCC3)ncnc12
CHEMBL2420816,FNFRIDLZKVKVCS-UHFFFAOYSA-N,,,P23458,TYROSINE-PROTEIN KINASE JAK1,JAK1,23867602.0,pKI,5.455931955649724,NM,Clc1cccc(Cl)c1c2cnc([nH]2)c3ccncc3
CHEMBL2152400,FOKOEDIQNRPGOY-UHFFFAOYSA-N,,,P23458,TYROSINE-PROTEIN KINASE JAK1,JAK1,22591402.0,pKI,8.537602002101044,NM,FC(F)(F)CN1CCC(CC1)n2cnc3cnc4[nH]ccc4c23
CHEMBL2152418,FOURWUKVPBQWMJ-JOCQHMNTSA-N,,,P23458,TYROSINE-PROTEIN KINASE JAK1,JAK1,22591402.0,pKI,7.958607314841775,NM,CC(C)C(=O)N[C@@H]1CC[C@H](CC1)n2cnc3cnc4[nH]ccc4c23
CHEMBL2392487,FTLROPWDJQBELG-UHFFFAOYSA-N,,,P23458,TYROSINE-PROTEIN KINASE JAK1,JAK1,23642482.0,pKI,8.070581074285707,NM,C(N1CCC(CC1)n2nnc3cnc4[nH]ccc4c23)c5ccccc5
CHEMBL2206636,FYDAZRQUPOCZGU-UHFFFAOYSA-N,,,P23458,TYROSINE-PROTEIN KINASE JAK1,JAK1,23107482.0,pKI,8.481486060122112,NM,CS(=O)(=O)NCc1nc2cnc3[nH]ccc3c2n1C4CCCCCC4
CHEMBL2206618,FZAQNNWDACGYDX-UHFFFAOYSA-N,,,P23458,TYROSINE-PROTEIN KINASE JAK1,JAK1,23107482.0,pKI,7.886056647693163,NM,Cn1ccc(CCc2nc3cnc4[nH]ccc4c3n2C5CCN(CCC#N)CC5)n1
CHEMBL2152425,GAVWHEZXKOVIQY-NWDGAFQWSA-N,,,P23458,TYROSINE-PROTEIN KINASE JAK1,JAK1,22591402.0,pKI,8.431798275933005,NM,CC(C)(C)OC(=O)N[C@H]1CC[C@H](C1)n2cnc3cnc4[nH]ccc4c23
CHEMBL2152296,GAVWHEZXKOVIQY-VXGBXAGGSA-N,,,P23458,TYROSINE-PROTEIN KINASE JAK1,JAK1,22591402.0,pKI,9.045757490560675,NM,CC(C)(C)OC(=O)N[C@@H]1CC[C@H](C1)n2cnc3cnc4[nH]ccc4c23
CHEMBL2152296,GAVWHEZXKOVIQY-VXGBXAGGSA-N,,,P23458,TYROSINE-PROTEIN KINASE JAK1,JAK1,22591402.0,pKI,8.657577319177793,NM,CC(C)(C)OC(=O)N[C@@H]1CC[C@H](C1)n2cnc3cnc4[nH]ccc4c23
CHEMBL2159206,GSYNORKHWRXRTP-HAQNSBGRSA-N,,,P23458,TYROSINE-PROTEIN KINASE JAK1,JAK1,22698084.0,pKI,8.346787486224656,NM,Cc1nc2cnc3[nH]ccc3c2n1[C@@H]4CC[C@H](CC4)NS(=O)(=O)C
CHEMBL3670392,GZFDPJXFJXZZAQ-UHFFFAOYSA-N,,,P23458,TYROSINE-PROTEIN KINASE JAK1,JAK1,,pKI,7.443697499232712,NM,Cc1cc(NC(=O)c2cnn3ccc(Nc4cccc(c4)C(F)(F)F)nc23)on1
CHEMBL3670392,GZFDPJXFJXZZAQ-UHFFFAOYSA-N,,,P23458,TYROSINE-PROTEIN KINASE JAK1,JAK1,,pKI,7.204815410317576,NM,Cc1cc(NC(=O)c2cnn3ccc(Nc4cccc(c4)C(F)(F)F)nc23)on1
CHEMBL2159142,HEMGMIJDFOQHRV-UHFFFAOYSA-N,,,P23458,TYROSINE-PROTEIN KINASE JAK1,JAK1,22698084.0,pKI,8.886056647693163,NM,Cc1nc2cnc3[nH]ccc3c2n1C4CCN(Cc5ccccc5)CC4
CHEMBL2392480,HFCJAKGWADMYJC-HAQNSBGRSA-N,,,P23458,TYROSINE-PROTEIN KINASE JAK1,JAK1,23642482.0,pKI,8.229147988357855,NM,N#CCCN[C@@H]1CC[C@H](CC1)n2nnc3cnc4[nH]ccc4c23
CHEMBL1789941,HFNKQEVNSGCOJV-OAHLLOKOSA-N,RUXOLITINIB,,P23458,TYROSINE-PROTEIN KINASE JAK1,JAK1,22698084.0,pKI,9.698970004336019,NM,N#CC[C@H](C1CCCC1)n2cc(cn2)c3ncnc4[nH]ccc34
CHEMBL1789941,HFNKQEVNSGCOJV-OAHLLOKOSA-N,RUXOLITINIB,,P23458,TYROSINE-PROTEIN KINASE JAK1,JAK1,23061660.0,pKI,10.045757490560675,NM,N#CC[C@H](C1CCCC1)n2cc(cn2)c3ncnc4[nH]ccc34
CHEMBL1789941,HFNKQEVNSGCOJV-OAHLLOKOSA-N,RUXOLITINIB,,P23458,TYROSINE-PROTEIN KINASE JAK1,JAK1,23668484.0,pKI,9.698970004336019,NM,N#CC[C@H](C1CCCC1)n2cc(cn2)c3ncnc4[nH]ccc34
CHEMBL2392501,HGJNMNJIGZNLEP-OAHLLOKOSA-N,,,P23458,TYROSINE-PROTEIN KINASE JAK1,JAK1,23642482.0,pKI,7.6020599913279625,NM,C(N1CCC[C@H](C1)n2nnc3cnc4[nH]ccc4c23)c5ccccc5
CHEMBL2386642,HHCLTHAKVRSHMV-AWEZNQCLSA-N,,,P23458,TYROSINE-PROTEIN KINASE JAK1,JAK1,23659214.0,pKI,7.795880017344075,NM,CC[C@H](O)c1nc2cnc3[nH]ccc3c2n1C4CCCCC4
CHEMBL2386643,HHCLTHAKVRSHMV-CQSZACIVSA-N,,,P23458,TYROSINE-PROTEIN KINASE JAK1,JAK1,23659214.0,pKI,8.744727494896694,NM,CC[C@@H](O)c1nc2cnc3[nH]ccc3c2n1C4CCCCC4
CHEMBL2420811,HIAACCFYGXUDKS-UHFFFAOYSA-N,,,P23458,TYROSINE-PROTEIN KINASE JAK1,JAK1,23867602.0,pKI,5.455931955649724,NM,Clc1cccc(Cl)c1C(=O)Nc2ccnc(NC(=O)C3CCCO3)c2
CHEMBL2386629,HIXYDBSLZYKHEU-IJLUTSLNSA-N,,,P23458,TYROSINE-PROTEIN KINASE JAK1,JAK1,23659214.0,pKI,9.096910013008056,NM,C[C@@H](O)c1nc2cnc3[nH]ccc3c2n1[C@@H]4CC[C@H](CC4)NCC(F)(F)F
CHEMBL2386631,HIXYDBSLZYKHEU-UTUOFQBUSA-N,,,P23458,TYROSINE-PROTEIN KINASE JAK1,JAK1,23659214.0,pKI,7.275724130399211,NM,C[C@@H](O)c1nc2cnc3[nH]ccc3c2n1[C@@H]4CC[C@@H](CC4)NCC(F)(F)F
CHEMBL2420833,HKQHWWQCRDXFGC-UHFFFAOYSA-N,,,P23458,TYROSINE-PROTEIN KINASE JAK1,JAK1,23867602.0,pKI,5.455931955649724,NM,CC(C)C(=O)Nc1cc(NC(=O)c2c(Cl)cccc2Cl)ccn1
CHEMBL2386637,HMJUPPDIEBZXPQ-UHFFFAOYSA-N,,,P23458,TYROSINE-PROTEIN KINASE JAK1,JAK1,23659214.0,pKI,8.958607314841775,NM,OCc1nc2cnc3[nH]ccc3c2n1C4CCCCC4
CHEMBL2420830,HNOISKXHNUDQSG-UHFFFAOYSA-N,,,P23458,TYROSINE-PROTEIN KINASE JAK1,JAK1,23867602.0,pKI,5.958607314841775,NM,Clc1cccc(Cl)c1C(=O)Nc2ccnc3[nH]ccc23
CHEMBL3667522,HPYAZSADACBSNT-UHFFFAOYSA-N,,,P23458,TYROSINE-PROTEIN KINASE JAK1,JAK1,,pKI,9.154901959985743,NM,COc1ccc(Cl)cc1c2nn(CC(=O)N3CCCC3C)cc2NC(=O)c4cnn5cccnc45
CHEMBL3667522,HPYAZSADACBSNT-UHFFFAOYSA-N,,,P23458,TYROSINE-PROTEIN KINASE JAK1,JAK1,,pKI,8.508638306165727,NM,COc1ccc(Cl)cc1c2nn(CC(=O)N3CCCC3C)cc2NC(=O)c4cnn5cccnc45
CHEMBL3667522,HPYAZSADACBSNT-UHFFFAOYSA-N,,,P23458,TYROSINE-PROTEIN KINASE JAK1,JAK1,,pKI,8.040958607678906,NM,COc1ccc(Cl)cc1c2nn(CC(=O)N3CCCC3C)cc2NC(=O)c4cnn5cccnc45
CHEMBL2206623,HSLAVUBHRFFYBB-UHFFFAOYSA-N,,,P23458,TYROSINE-PROTEIN KINASE JAK1,JAK1,23107482.0,pKI,8.431798275933005,NM,CC(=O)NCCc1nc2cnc3[nH]ccc3c2n1C4CCN(CCC#N)CC4
CHEMBL2159210,HTMCBXLLCSRXLQ-GHMZBOCLSA-N,,,P23458,TYROSINE-PROTEIN KINASE JAK1,JAK1,22698084.0,pKI,8.744727494896694,NM,Cc1nc2cnc3[nH]ccc3c2n1[C@@H]4CCC[C@@H](O)C4
CHEMBL2159211,HTMCBXLLCSRXLQ-WDEREUQCSA-N,,,P23458,TYROSINE-PROTEIN KINASE JAK1,JAK1,22698084.0,pKI,8.136677139879543,NM,Cc1nc2cnc3[nH]ccc3c2n1[C@H]4CCC[C@@H](O)C4
CHEMBL2436949,HVKBYSFMLDDMKM-UHFFFAOYSA-N,,,P23458,TYROSINE-PROTEIN KINASE JAK1,JAK1,24042009.0,pKI,7.1249387366083,NM,O=C1NC=Cc2c(NC3CCCC3)ncnc12
CHEMBL2159213,HZGWWIQIWYFBPE-CHWSQXEVSA-N,,,P23458,TYROSINE-PROTEIN KINASE JAK1,JAK1,22698084.0,pKI,7.045757490560675,NM,Cc1nc2cnc3[nH]ccc3c2n1[C@@H]4CCCC[C@H]4O
CHEMBL2387224,IAFNAEGXTKTGHN-UHFFFAOYSA-N,,,P23458,TYROSINE-PROTEIN KINASE JAK1,JAK1,23668484.0,pKI,7.076755981369724,NM,Clc1cccc(Cl)c1C(=O)Nc2ccnc(NC(=O)C3CC3)c2
CHEMBL2387224,IAFNAEGXTKTGHN-UHFFFAOYSA-N,,,P23458,TYROSINE-PROTEIN KINASE JAK1,JAK1,23867602.0,pKI,7.075720713938118,NM,Clc1cccc(Cl)c1C(=O)Nc2ccnc(NC(=O)C3CC3)c2
CHEMBL2420820,IAXCYABTSAPPTJ-UHFFFAOYSA-N,,,P23458,TYROSINE-PROTEIN KINASE JAK1,JAK1,23867602.0,pKI,5.455931955649724,NM,CNc1cc(NC(=O)c2c(Cl)cccc2Cl)ccn1
CHEMBL2206614,IDDHWYDNSZAERL-UHFFFAOYSA-N,,,P23458,TYROSINE-PROTEIN KINASE JAK1,JAK1,23107482.0,pKI,8.060480747381382,NM,N#CCCN1CCC(CC1)n2c(CCC3CCCO3)nc4cnc5[nH]ccc5c24
CHEMBL2436955,IEOKLAOBGKUVKG-MRVPVSSYSA-N,,,P23458,TYROSINE-PROTEIN KINASE JAK1,JAK1,24042009.0,pKI,6.179798540514359,NM,O=C1NC=Cc2c(N[C@@H]3CCCOC3)ncnc12
CHEMBL2159212,IFEXWCPEJGCTJO-PHIMTYICSA-N,,,P23458,TYROSINE-PROTEIN KINASE JAK1,JAK1,22698084.0,pKI,8.173925197299173,NM,Cc1nc2cnc3[nH]ccc3c2n1[C@@H]4CC[C@H](O)CC4
CHEMBL2159209,IFEXWCPEJGCTJO-XYPYZODXSA-N,,,P23458,TYROSINE-PROTEIN KINASE JAK1,JAK1,22698084.0,pKI,8.236572006437063,NM,Cc1nc2cnc3[nH]ccc3c2n1[C@@H]4CC[C@@H](O)CC4
CHEMBL3667509,IFTUJXXKLGWTIY-UHFFFAOYSA-N,,,P23458,TYROSINE-PROTEIN KINASE JAK1,JAK1,,pKI,8.244125144327509,NM,Cc1cc(NC(=O)c2cnn3cccnc23)n(n1)c4cc(ccc4C)C#N
CHEMBL3667509,IFTUJXXKLGWTIY-UHFFFAOYSA-N,,,P23458,TYROSINE-PROTEIN KINASE JAK1,JAK1,,pKI,7.394694953858891,NM,Cc1cc(NC(=O)c2cnn3cccnc23)n(n1)c4cc(ccc4C)C#N
CHEMBL3667509,IFTUJXXKLGWTIY-UHFFFAOYSA-N,,,P23458,TYROSINE-PROTEIN KINASE JAK1,JAK1,,pKI,6.882728704344236,NM,Cc1cc(NC(=O)c2cnn3cccnc23)n(n1)c4cc(ccc4C)C#N
CHEMBL2206615,IHGDOACPUGCURU-UHFFFAOYSA-N,,,P23458,TYROSINE-PROTEIN KINASE JAK1,JAK1,23107482.0,pKI,7.366531544420414,NM,N#CCCN1CCC(CC1)n2c(CC3CCOCC3)nc4cnc5[nH]ccc5c24
CHEMBL3667516,IJZCGMKRBKNOGJ-UHFFFAOYSA-N,,,P23458,TYROSINE-PROTEIN KINASE JAK1,JAK1,,pKI,7.920818753952375,NM,COc1cnc(cc1c2nn(CC(C)(C)O)cc2NC(=O)c3cnn4cccnc34)C(F)(F)F
CHEMBL3667516,IJZCGMKRBKNOGJ-UHFFFAOYSA-N,,,P23458,TYROSINE-PROTEIN KINASE JAK1,JAK1,,pKI,7.414539270491499,NM,COc1cnc(cc1c2nn(CC(C)(C)O)cc2NC(=O)c3cnn4cccnc34)C(F)(F)F
CHEMBL3667516,IJZCGMKRBKNOGJ-UHFFFAOYSA-N,,,P23458,TYROSINE-PROTEIN KINASE JAK1,JAK1,,pKI,6.455931955649724,NM,COc1cnc(cc1c2nn(CC(C)(C)O)cc2NC(=O)c3cnn4cccnc34)C(F)(F)F
CHEMBL2386635,IKSRDHMMQOCRHN-JHJVBQTASA-N,,,P23458,TYROSINE-PROTEIN KINASE JAK1,JAK1,23659214.0,pKI,10.0,NM,C[C@@H](O)c1nc2cnc3[nH]ccc3c2n1[C@@H]4CC[C@@H](CC#N)CC4
CHEMBL2152402,INHVGQWGLDRMDI-UHFFFAOYSA-N,,,P23458,TYROSINE-PROTEIN KINASE JAK1,JAK1,22591402.0,pKI,7.494850021680094,NM,CN(C)CC(=O)N1CCC(CC1)n2cnc3cnc4[nH]ccc4c23
CHEMBL2420842,IPNZONAZPKLNST-UHFFFAOYSA-N,,,P23458,TYROSINE-PROTEIN KINASE JAK1,JAK1,23867602.0,pKI,5.455931955649724,NM,Cc1ccccc1C(=O)Nc2ccncc2
CHEMBL2206059,IQHKHGHDPGFXAV-MISXGVKJSA-N,,,P23458,TYROSINE-PROTEIN KINASE JAK1,JAK1,23107482.0,pKI,9.698970004336019,NM,CS(=O)(=O)NCc1nc2cnc3[nH]ccc3c2n1[C@@H]4C[C@H]5CC[C@@H]4C5
CHEMBL2206058,IQHKHGHDPGFXAV-SUNKGSAMSA-N,,,P23458,TYROSINE-PROTEIN KINASE JAK1,JAK1,23107482.0,pKI,8.42021640338319,NM,CS(=O)(=O)NCc1nc2cnc3[nH]ccc3c2n1[C@H]4C[C@@H]5CC[C@H]4C5
CHEMBL2206638,IQHKHGHDPGFXAV-UHFFFAOYSA-N,,,P23458,TYROSINE-PROTEIN KINASE JAK1,JAK1,23107482.0,pKI,9.522878745280337,NM,CS(=O)(=O)NCc1nc2cnc3[nH]ccc3c2n1C4CC5CCC4C5
CHEMBL2206638,IQHKHGHDPGFXAV-UHFFFAOYSA-N,,,P23458,TYROSINE-PROTEIN KINASE JAK1,JAK1,23107482.0,pKI,8.494850021680094,NM,CS(=O)(=O)NCc1nc2cnc3[nH]ccc3c2n1C4CC5CCC4C5
CHEMBL2436962,IRKDTUWFUKMFCV-UHFFFAOYSA-N,,,P23458,TYROSINE-PROTEIN KINASE JAK1,JAK1,24042009.0,pKI,5.920818753952375,NM,OCC1CCCC1Nc2ncnc3C(=O)NC=Cc23
CHEMBL2420852,ISDOZWCUCHEDBY-UHFFFAOYSA-N,,,P23458,TYROSINE-PROTEIN KINASE JAK1,JAK1,23867602.0,pKI,5.698970004336019,NM,FC(F)(F)c1ccc(Cl)c(c1)C(=O)Nc2ccncc2
CHEMBL2178799,JDIZUWGLJSYCHD-UHFFFAOYSA-N,,,P23458,TYROSINE-PROTEIN KINASE JAK1,JAK1,,pKI,7.863279432843593,NM,Cn1cc(NC(=O)c2cnn3cccnc23)c(n1)c4cc(Cl)ccc4Cl
CHEMBL2178799,JDIZUWGLJSYCHD-UHFFFAOYSA-N,,,P23458,TYROSINE-PROTEIN KINASE JAK1,JAK1,,pKI,6.958607314841775,NM,Cn1cc(NC(=O)c2cnn3cccnc23)c(n1)c4cc(Cl)ccc4Cl
CHEMBL2178799,JDIZUWGLJSYCHD-UHFFFAOYSA-N,,,P23458,TYROSINE-PROTEIN KINASE JAK1,JAK1,,pKI,6.338187314462739,NM,Cn1cc(NC(=O)c2cnn3cccnc23)c(n1)c4cc(Cl)ccc4Cl
CHEMBL3667526,JGERZOWTPSQGTH-UHFFFAOYSA-N,,,P23458,TYROSINE-PROTEIN KINASE JAK1,JAK1,,pKI,7.580044251510242,NM,CC1CCCCN1c2nn(CC(C)(C)O)cc2NC(=O)c3cnn4cccnc34
CHEMBL3667526,JGERZOWTPSQGTH-UHFFFAOYSA-N,,,P23458,TYROSINE-PROTEIN KINASE JAK1,JAK1,,pKI,7.066006836168758,NM,CC1CCCCN1c2nn(CC(C)(C)O)cc2NC(=O)c3cnn4cccnc34
CHEMBL3667526,JGERZOWTPSQGTH-UHFFFAOYSA-N,,,P23458,TYROSINE-PROTEIN KINASE JAK1,JAK1,,pKI,6.3872161432802645,NM,CC1CCCCN1c2nn(CC(C)(C)O)cc2NC(=O)c3cnn4cccnc34
CHEMBL2420844,JGWGGLCMZZXEKA-UHFFFAOYSA-N,,,P23458,TYROSINE-PROTEIN KINASE JAK1,JAK1,23867602.0,pKI,5.769551078621726,NM,Fc1cccc(Cl)c1C(=O)Nc2ccncc2
CHEMBL2152302,JKBCOYYDLUKZLA-INIZCTEOSA-N,,,P23458,TYROSINE-PROTEIN KINASE JAK1,JAK1,22591402.0,pKI,7.055517327849832,NM,C(N1CCC[C@@H](C1)n2cnc3cnc4[nH]ccc4c23)c5ccccc5
CHEMBL2152301,JKBCOYYDLUKZLA-MRXNPFEDSA-N,,,P23458,TYROSINE-PROTEIN KINASE JAK1,JAK1,22591402.0,pKI,7.619788758288394,NM,C(N1CCC[C@H](C1)n2cnc3cnc4[nH]ccc4c23)c5ccccc5
CHEMBL2420859,JKLJZGVOXOPIEQ-UHFFFAOYSA-N,,,P23458,TYROSINE-PROTEIN KINASE JAK1,JAK1,23867602.0,pKI,5.455931955649724,NM,Clc1cccc(Cl)c1S(=O)(=O)Nc2ccncc2
CHEMBL2436959,JKSNPHPFZXMPDX-UHFFFAOYSA-N,,,P23458,TYROSINE-PROTEIN KINASE JAK1,JAK1,24042009.0,pKI,5.251811972993799,NM,O=C1NC=Cc2c(ncnc12)N3CCCCC3
CHEMBL2436960,JLMAFHZOZRSRJN-UHFFFAOYSA-N,,,P23458,TYROSINE-PROTEIN KINASE JAK1,JAK1,24042009.0,pKI,5.552841968657781,NM,O=C1NC=Cc2c(OC3CCCC3)ncnc12
CHEMBL2159201,JLXMMTXJUXILOC-JTQLQIEISA-N,,,P23458,TYROSINE-PROTEIN KINASE JAK1,JAK1,22698084.0,pKI,6.823908740944319,NM,Cc1nc2cnc3[nH]ccc3c2n1[C@H]4CCCNC4
CHEMBL2152407,JOZYKFXMIQCMFR-UHFFFAOYSA-N,,,P23458,TYROSINE-PROTEIN KINASE JAK1,JAK1,22591402.0,pKI,7.017728766960431,NM,CC1(CCNCC1)n2cnc3cnc4[nH]ccc4c23
CHEMBL3670397,JPJAYAQOIRJTLG-UHFFFAOYSA-N,,,P23458,TYROSINE-PROTEIN KINASE JAK1,JAK1,,pKI,7.52432881167557,NM,Cc1cc(NC(=O)c2cnn3ccc(N)nc23)n(n1)c4ccccc4C
CHEMBL3670397,JPJAYAQOIRJTLG-UHFFFAOYSA-N,,,P23458,TYROSINE-PROTEIN KINASE JAK1,JAK1,,pKI,7.010550182333308,NM,Cc1cc(NC(=O)c2cnn3ccc(N)nc23)n(n1)c4ccccc4C
CHEMBL2206633,JRBHYYCQSBKRFU-UHFFFAOYSA-N,,,P23458,TYROSINE-PROTEIN KINASE JAK1,JAK1,23107482.0,pKI,8.585026652029182,NM,CS(=O)(=O)NCc1nc2cnc3[nH]ccc3c2n1C4CCCCC4
CHEMBL2386647,JRWILHWFQCKSTH-GFCCVEGCSA-N,,,P23458,TYROSINE-PROTEIN KINASE JAK1,JAK1,23659214.0,pKI,8.468521082957745,NM,C[C@@H](O)c1nc2cnc3[nH]ccc3c2n1C4CCN(CCC#N)CC4
CHEMBL2420831,JVXCQSWKORAHLL-UHFFFAOYSA-N,,,P23458,TYROSINE-PROTEIN KINASE JAK1,JAK1,23867602.0,pKI,7.0,NM,Oc1cc(NC(=O)c2c(Cl)cccc2Cl)ccn1
CHEMBL3667515,JWMNWMLDJKHWSK-UHFFFAOYSA-N,,,P23458,TYROSINE-PROTEIN KINASE JAK1,JAK1,,pKI,9.0,NM,COc1ccc(Cl)cc1c2c(NC(=O)c3cnn4cccnc34)cnn2CCO
CHEMBL3667515,JWMNWMLDJKHWSK-UHFFFAOYSA-N,,,P23458,TYROSINE-PROTEIN KINASE JAK1,JAK1,,pKI,8.356547323513812,NM,COc1ccc(Cl)cc1c2c(NC(=O)c3cnn4cccnc34)cnn2CCO
CHEMBL3667515,JWMNWMLDJKHWSK-UHFFFAOYSA-N,,,P23458,TYROSINE-PROTEIN KINASE JAK1,JAK1,,pKI,8.2518119729938,NM,COc1ccc(Cl)cc1c2c(NC(=O)c3cnn4cccnc34)cnn2CCO
CHEMBL2159204,JZAPCMMWXQSGAJ-UHFFFAOYSA-N,,,P23458,TYROSINE-PROTEIN KINASE JAK1,JAK1,22698084.0,pKI,8.698970004336019,NM,Cc1nc2cnc3[nH]ccc3c2n1C4CCNCC4(F)F
CHEMBL2206620,KBCYHNNFEYIPGS-UHFFFAOYSA-N,,,P23458,TYROSINE-PROTEIN KINASE JAK1,JAK1,23107482.0,pKI,8.075720713938118,NM,CCOC(=O)NCc1nc2cnc3[nH]ccc3c2n1C4CCN(CCC#N)CC4
CHEMBL2392484,KBIOXAMJWIQCDK-JOCQHMNTSA-N,,,P23458,TYROSINE-PROTEIN KINASE JAK1,JAK1,23642482.0,pKI,8.327902142064282,NM,CC(C)CC(=O)N[C@@H]1CC[C@H](CC1)n2nnc3cnc4[nH]ccc4c23
CHEMBL2436943,KGDNLTPRJGUGQS-UKRRQHHQSA-N,,,P23458,TYROSINE-PROTEIN KINASE JAK1,JAK1,24042009.0,pKI,7.7447274948966935,NM,O=C1NC=Cc2c(N[C@@H]3CCC[C@@H]3C#N)nc(nc12)c4ccccc4
CHEMBL2152303,KOPPQNKTLPWVND-OAHLLOKOSA-N,,,P23458,TYROSINE-PROTEIN KINASE JAK1,JAK1,22591402.0,pKI,7.823908740944319,NM,C(N1CC[C@H](C1)n2cnc3cnc4[nH]ccc4c23)c5ccccc5
CHEMBL2386639,KRUKZZXGKYDAAT-JTQLQIEISA-N,,,P23458,TYROSINE-PROTEIN KINASE JAK1,JAK1,23659214.0,pKI,8.0,NM,C[C@H](O)c1nc2cnc3[nH]ccc3c2n1C4CCCCC4
CHEMBL2386640,KRUKZZXGKYDAAT-SNVBAGLBSA-N,,,P23458,TYROSINE-PROTEIN KINASE JAK1,JAK1,23659214.0,pKI,9.096910013008056,NM,C[C@@H](O)c1nc2cnc3[nH]ccc3c2n1C4CCCCC4
CHEMBL2152396,KVHFZWVSDBIZOB-UHFFFAOYSA-N,,,P23458,TYROSINE-PROTEIN KINASE JAK1,JAK1,22591402.0,pKI,7.552841968657781,NM,CC(C)CC(=O)N1CCC(CC1)n2cnc3cnc4[nH]ccc4c23
CHEMBL2206624,KVZYKVBUDWHPDM-UHFFFAOYSA-N,,,P23458,TYROSINE-PROTEIN KINASE JAK1,JAK1,23107482.0,pKI,8.769551078621726,NM,CS(=O)(=O)NCCc1nc2cnc3[nH]ccc3c2n1C4CCN(CCC#N)CC4
CHEMBL2159207,KWKMUTBWQNMORT-JOCQHMNTSA-N,,,P23458,TYROSINE-PROTEIN KINASE JAK1,JAK1,22698084.0,pKI,8.214670164989233,NM,CC(=O)N[C@@H]1CC[C@H](CC1)n2c(C)nc3cnc4[nH]ccc4c23
CHEMBL2206616,KXHHHVBBNMUUHR-UHFFFAOYSA-N,,,P23458,TYROSINE-PROTEIN KINASE JAK1,JAK1,23107482.0,pKI,8.031517051446064,NM,Cn1ccnc1CCc2nc3cnc4[nH]ccc4c3n2C5CCN(CCC#N)CC5
CHEMBL3667528,KYALABLULOMGIM-PMACEKPBSA-N,,,P23458,TYROSINE-PROTEIN KINASE JAK1,JAK1,,pKI,8.42021640338319,NM,CCOc1ccc(Cl)cc1c2nn(cc2NC(=O)c3cnn4cccnc34)[C@H]5CCCC[C@@H]5O
CHEMBL3667528,KYALABLULOMGIM-PMACEKPBSA-N,,,P23458,TYROSINE-PROTEIN KINASE JAK1,JAK1,,pKI,7.903089986991944,NM,CCOc1ccc(Cl)cc1c2nn(cc2NC(=O)c3cnn4cccnc34)[C@H]5CCCC[C@@H]5O
CHEMBL3667528,KYALABLULOMGIM-PMACEKPBSA-N,,,P23458,TYROSINE-PROTEIN KINASE JAK1,JAK1,,pKI,7.119186407719209,NM,CCOc1ccc(Cl)cc1c2nn(cc2NC(=O)c3cnn4cccnc34)[C@H]5CCCC[C@@H]5O
CHEMBL1702157,LAPMELZAGCLQGW-UHFFFAOYSA-N,,,P23458,TYROSINE-PROTEIN KINASE JAK1,JAK1,23867602.0,pKI,5.455931955649724,NM,Clc1ccccc1C(=O)Nc2ccncc2
CHEMBL2159200,LBYZCKLBCNESOI-JTQLQIEISA-N,,,P23458,TYROSINE-PROTEIN KINASE JAK1,JAK1,22698084.0,pKI,8.55284196865778,NM,Cc1nc2cnc3[nH]ccc3c2n1[C@H]4CCCOC4
CHEMBL2392490,LCRYPUUOTORNEW-UHFFFAOYSA-N,,,P23458,TYROSINE-PROTEIN KINASE JAK1,JAK1,23642482.0,pKI,7.795880017344075,NM,C(N1CCC(CC1)n2nnc3cnc4[nH]ccc4c23)c5cccnc5
CHEMBL2206062,LGFNTUIVXVUUOS-UHFFFAOYSA-N,,,P23458,TYROSINE-PROTEIN KINASE JAK1,JAK1,23107482.0,pKI,8.040958607678906,NM,CC(C)c1nc2cnc3[nH]ccc3c2n1C4CCN(CCC#N)CC4
CHEMBL2178803,LKNYWEOBQHMSCE-UHFFFAOYSA-N,,,P23458,TYROSINE-PROTEIN KINASE JAK1,JAK1,,pKI,8.537602002101044,NM,Cc1ccc(C)c(c1)c2nn(C)cc2NC(=O)c3cnn4ccc(N)nc34
CHEMBL2178803,LKNYWEOBQHMSCE-UHFFFAOYSA-N,,,P23458,TYROSINE-PROTEIN KINASE JAK1,JAK1,,pKI,8.136677139879543,NM,Cc1ccc(C)c(c1)c2nn(C)cc2NC(=O)c3cnn4ccc(N)nc34
CHEMBL2420828,LKORSKLVAUIAOV-UHFFFAOYSA-N,,,P23458,TYROSINE-PROTEIN KINASE JAK1,JAK1,23867602.0,pKI,6.0,NM,Clc1cccc(Cl)c1C(=O)Nc2ccnc(Nc3cccnn3)c2
CHEMBL2159203,LLIVYAMDALVWBN-CMPLNLGQSA-N,,,P23458,TYROSINE-PROTEIN KINASE JAK1,JAK1,22698084.0,pKI,8.031517051446064,NM,Cc1nc2cnc3[nH]ccc3c2n1[C@@H]4CCNC[C@@H]4F
CHEMBL2159202,LLIVYAMDALVWBN-ZYHUDNBSSA-N,,,P23458,TYROSINE-PROTEIN KINASE JAK1,JAK1,22698084.0,pKI,8.920818753952375,NM,Cc1nc2cnc3[nH]ccc3c2n1[C@@H]4CCNC[C@H]4F
CHEMBL2386636,LLRNGFSFYHDPKW-MGPQQGTHSA-N,,,P23458,TYROSINE-PROTEIN KINASE JAK1,JAK1,23659214.0,pKI,9.522878745280337,NM,C[C@@H](O)c1nc2cnc3[nH]ccc3c2n1[C@@H]4CC[C@@H](CCC#N)CC4
CHEMBL2420824,LMPPRRPXJXLVSH-UHFFFAOYSA-N,,,P23458,TYROSINE-PROTEIN KINASE JAK1,JAK1,23867602.0,pKI,6.0,NM,Clc1cccc(Cl)c1C(=O)Nc2ccnc(Nc3ccccn3)c2
CHEMBL2420819,LNYGUDBEQCHOAZ-UHFFFAOYSA-N,,,P23458,TYROSINE-PROTEIN KINASE JAK1,JAK1,23867602.0,pKI,5.455931955649724,NM,Nc1cc(NC(=O)c2c(Cl)cccc2Cl)ccn1
CHEMBL2206637,LPYMOKHINZPBSQ-UHFFFAOYSA-N,,,P23458,TYROSINE-PROTEIN KINASE JAK1,JAK1,23107482.0,pKI,8.522878745280337,NM,CC(=O)NCc1nc2cnc3[nH]ccc3c2n1C4CC5CCC4C5
CHEMBL2392491,LUFSKXSIFUDHFT-HNNXBMFYSA-N,,,P23458,TYROSINE-PROTEIN KINASE JAK1,JAK1,23642482.0,pKI,6.91721462968355,NM,CN1CCC[C@H]1C(=O)N2CCC(CC2)n3nnc4cnc5[nH]ccc5c34
CHEMBL2178257,LVTOASRSQVQBSU-UHFFFAOYSA-N,,,P23458,TYROSINE-PROTEIN KINASE JAK1,JAK1,,pKI,7.546681659952962,NM,Nc1ccn2ncc(C(=O)Nc3conc3c4cccc(Cl)c4)c2n1
CHEMBL2178257,LVTOASRSQVQBSU-UHFFFAOYSA-N,,,P23458,TYROSINE-PROTEIN KINASE JAK1,JAK1,,pKI,7.442492798094342,NM,Nc1ccn2ncc(C(=O)Nc3conc3c4cccc(Cl)c4)c2n1
CHEMBL2392486,MAOJWRIAIOAPKQ-RKDXNWHRSA-N,,,P23458,TYROSINE-PROTEIN KINASE JAK1,JAK1,23642482.0,pKI,7.920818753952375,NM,COC(=O)N[C@@H]1CC[C@H](C1)n2nnc3cnc4[nH]ccc4c23
CHEMBL2420822,MDRFJXAFTSTIBC-UHFFFAOYSA-N,,,P23458,TYROSINE-PROTEIN KINASE JAK1,JAK1,23867602.0,pKI,5.455931955649724,NM,CS(=O)(=O)Nc1cc(NC(=O)c2c(Cl)cccc2Cl)ccn1
CHEMBL2152398,MEPICMOJNYFIMV-UHFFFAOYSA-N,,,P23458,TYROSINE-PROTEIN KINASE JAK1,JAK1,22591402.0,pKI,8.920818753952375,NM,CS(=O)(=O)N1CCC(CC1)n2cnc3cnc4[nH]ccc4c23
CHEMBL2436941,MKNPBUAZNCDUDL-DGCLKSJQSA-N,,,P23458,TYROSINE-PROTEIN KINASE JAK1,JAK1,24042009.0,pKI,6.42021640338319,NM,O=C1NC=Cc2c(N[C@@H]3CCC[C@@H]3C#N)nc(nc12)N4CCOCC4
CHEMBL3670394,MLUHNCCVOONEHK-UHFFFAOYSA-N,,,P23458,TYROSINE-PROTEIN KINASE JAK1,JAK1,,pKI,7.7544873321858505,NM,Nc1ccn2ncc(C(=O)Nc3ccnn3c4cc(Cl)ccc4Cl)c2n1
CHEMBL3670394,MLUHNCCVOONEHK-UHFFFAOYSA-N,,,P23458,TYROSINE-PROTEIN KINASE JAK1,JAK1,,pKI,7.361510743045363,NM,Nc1ccn2ncc(C(=O)Nc3ccnn3c4cc(Cl)ccc4Cl)c2n1
CHEMBL2420810,MMBLAAATOOQWJF-UHFFFAOYSA-N,,,P23458,TYROSINE-PROTEIN KINASE JAK1,JAK1,23867602.0,pKI,5.455931955649724,NM,Clc1cccc(Cl)c1C(=O)Nc2ccnc(NC(=O)C3CNC3)c2
CHEMBL2436950,MNEVDPBBWUHFOO-UHFFFAOYSA-N,,,P23458,TYROSINE-PROTEIN KINASE JAK1,JAK1,24042009.0,pKI,6.400116927926312,NM,O=C1NC=Cc2c(NC3CCCCCC3)ncnc12
CHEMBL2436951,MNJLBCWEFFQOSP-IQJOONFLSA-N,,,P23458,TYROSINE-PROTEIN KINASE JAK1,JAK1,24042009.0,pKI,6.504455662453552,NM,O=C1NC=Cc2c(N[C@@H]3C[C@H]4CC[C@@H]3C4)ncnc12
CHEMBL2152419,MNTLGGLAJJAYBI-HDJSIYSDSA-N,,,P23458,TYROSINE-PROTEIN KINASE JAK1,JAK1,22591402.0,pKI,8.031517051446064,NM,C(N[C@@H]1CC[C@H](CC1)n2cnc3cnc4[nH]ccc4c23)C5CC5
CHEMBL3667508,MSQAEIWPJMSSTI-UHFFFAOYSA-N,,,P23458,TYROSINE-PROTEIN KINASE JAK1,JAK1,,pKI,8.309803919971486,NM,Cc1cc(NC(=O)c2cnn3cccnc23)n(n1)c4cc(Cl)ccc4C
CHEMBL3667508,MSQAEIWPJMSSTI-UHFFFAOYSA-N,,,P23458,TYROSINE-PROTEIN KINASE JAK1,JAK1,,pKI,7.335358024443875,NM,Cc1cc(NC(=O)c2cnn3cccnc23)n(n1)c4cc(Cl)ccc4C
CHEMBL3667508,MSQAEIWPJMSSTI-UHFFFAOYSA-N,,,P23458,TYROSINE-PROTEIN KINASE JAK1,JAK1,,pKI,7.001740661576301,NM,Cc1cc(NC(=O)c2cnn3cccnc23)n(n1)c4cc(Cl)ccc4C
CHEMBL2206622,MWDRVQPRAPNFKD-UHFFFAOYSA-N,,,P23458,TYROSINE-PROTEIN KINASE JAK1,JAK1,23107482.0,pKI,8.267606240177031,NM,CC(C)CS(=O)(=O)NCc1nc2cnc3[nH]ccc3c2n1C4CCN(CCC#N)CC4
CHEMBL2159143,MXPXAYWSPXSFCZ-UHFFFAOYSA-N,,,P23458,TYROSINE-PROTEIN KINASE JAK1,JAK1,22698084.0,pKI,9.045757490560675,NM,Cc1nc2cnc3[nH]ccc3c2n1C4CCN(CCC#N)CC4
CHEMBL2206617,NAZZHHIADOHDRQ-UHFFFAOYSA-N,,,P23458,TYROSINE-PROTEIN KINASE JAK1,JAK1,23107482.0,pKI,7.853871964321762,NM,N#CCCN1CCC(CC1)n2c(CCn3cccn3)nc4cnc5[nH]ccc5c24
CHEMBL3667521,NCFRXNQURQEQIZ-UHFFFAOYSA-N,,,P23458,TYROSINE-PROTEIN KINASE JAK1,JAK1,,pKI,9.301029995663981,NM,COc1ccc(Cl)cc1c2c(NC(=O)c3c(N)nn4cccnc34)cnn2CC(=O)N
CHEMBL3667521,NCFRXNQURQEQIZ-UHFFFAOYSA-N,,,P23458,TYROSINE-PROTEIN KINASE JAK1,JAK1,,pKI,8.67778070526608,NM,COc1ccc(Cl)cc1c2c(NC(=O)c3c(N)nn4cccnc34)cnn2CC(=O)N
CHEMBL3667521,NCFRXNQURQEQIZ-UHFFFAOYSA-N,,,P23458,TYROSINE-PROTEIN KINASE JAK1,JAK1,,pKI,8.638272163982407,NM,COc1ccc(Cl)cc1c2c(NC(=O)c3c(N)nn4cccnc34)cnn2CC(=O)N
CHEMBL2420829,NNBFWXPAPFGQBS-UHFFFAOYSA-N,,,P23458,TYROSINE-PROTEIN KINASE JAK1,JAK1,23867602.0,pKI,6.443697499232712,NM,CCn1cc(Nc2cc(NC(=O)c3c(Cl)cccc3Cl)ccn2)cn1
CHEMBL2152409,NWNODCMQDYQNDW-UHFFFAOYSA-N,,,P23458,TYROSINE-PROTEIN KINASE JAK1,JAK1,22591402.0,pKI,8.769551078621726,NM,CC1(CCN(CC1)S(=O)(=O)C)n2cnc3cnc4[nH]ccc4c23
CHEMBL2206628,NXWISJUEZUPPDJ-GHMZBOCLSA-N,,,P23458,TYROSINE-PROTEIN KINASE JAK1,JAK1,23107482.0,pKI,8.3767507096021,NM,CS(=O)(=O)NCc1nc2cnc3[nH]ccc3c2n1[C@@H]4CCC[C@@H](O)C4
CHEMBL2386638,NYIDMIPBBSZNSN-UHFFFAOYSA-N,,,P23458,TYROSINE-PROTEIN KINASE JAK1,JAK1,23659214.0,pKI,8.455931955649724,NM,OCCc1nc2cnc3[nH]ccc3c2n1C4CCCCC4
CHEMBL2206631,NYSSZLMKUOFTKG-UHFFFAOYSA-N,,,P23458,TYROSINE-PROTEIN KINASE JAK1,JAK1,23107482.0,pKI,8.0,NM,CC(=O)NCc1nc2cnc3[nH]ccc3c2n1C4CCCCC4
CHEMBL2436956,OBEFENCSQOARKY-UHFFFAOYSA-N,,,P23458,TYROSINE-PROTEIN KINASE JAK1,JAK1,24042009.0,pKI,6.142667503568731,NM,O=C1NC=Cc2c(NCc3ccccc3)ncnc12
CHEMBL2152421,OBUGVFGHVVEZAD-IYARVYRRSA-N,,,P23458,TYROSINE-PROTEIN KINASE JAK1,JAK1,22591402.0,pKI,8.229147988357855,NM,N#Cc1cccc(CN[C@@H]2CC[C@H](CC2)n3cnc4cnc5[nH]ccc5c34)c1
CHEMBL2206611,OCIRMEXSJHOKRZ-UHFFFAOYSA-N,,,P23458,TYROSINE-PROTEIN KINASE JAK1,JAK1,23107482.0,pKI,8.366531544420413,NM,N#CCCN1CCC(CC1)n2c(nc3cnc4[nH]ccc4c23)C5CCC5
CHEMBL2152422,OCYXVFJMRUCGMA-XYPYZODXSA-N,,,P23458,TYROSINE-PROTEIN KINASE JAK1,JAK1,22591402.0,pKI,8.568636235841012,NM,CS(=O)(=O)N[C@@H]1CC[C@H](CC1)n2cnc3cnc4[nH]ccc4c23
CHEMBL2386641,ODKRLHFQINJCSV-UHFFFAOYSA-N,,,P23458,TYROSINE-PROTEIN KINASE JAK1,JAK1,23659214.0,pKI,7.886056647693163,NM,CC(C)(O)c1nc2cnc3[nH]ccc3c2n1C4CCCCC4
CHEMBL3667514,OEIOCPLLBAECAL-UHFFFAOYSA-N,,,P23458,TYROSINE-PROTEIN KINASE JAK1,JAK1,,pKI,7.638272163982407,NM,Fc1cccc(c1)c2cnccc2NC(=O)c3cnn4cccnc34
CHEMBL3667514,OEIOCPLLBAECAL-UHFFFAOYSA-N,,,P23458,TYROSINE-PROTEIN KINASE JAK1,JAK1,,pKI,6.853871964321762,NM,Fc1cccc(c1)c2cnccc2NC(=O)c3cnn4cccnc34
CHEMBL3667514,OEIOCPLLBAECAL-UHFFFAOYSA-N,,,P23458,TYROSINE-PROTEIN KINASE JAK1,JAK1,,pKI,6.815308569182402,NM,Fc1cccc(c1)c2cnccc2NC(=O)c3cnn4cccnc34
CHEMBL2420827,OEJGMGIHVHSGAE-UHFFFAOYSA-N,,,P23458,TYROSINE-PROTEIN KINASE JAK1,JAK1,23867602.0,pKI,6.698970004336019,NM,Clc1cccc(Cl)c1C(=O)Nc2ccnc(Nc3ccncn3)c2
CHEMBL3670390,OHASWADNHFSPSO-UHFFFAOYSA-N,,,P23458,TYROSINE-PROTEIN KINASE JAK1,JAK1,,pKI,8.130768280269024,NM,Cc1cc(NC(=O)c2cnn3ccc(N)nc23)n(n1)c4cc(Cl)ccc4C
CHEMBL3670390,OHASWADNHFSPSO-UHFFFAOYSA-N,,,P23458,TYROSINE-PROTEIN KINASE JAK1,JAK1,,pKI,7.484126156288321,NM,Cc1cc(NC(=O)c2cnn3ccc(N)nc23)n(n1)c4cc(Cl)ccc4C
CHEMBL1327969,OLJPUMGNYIOTFM-UHFFFAOYSA-N,,,P23458,TYROSINE-PROTEIN KINASE JAK1,JAK1,23867602.0,pKI,5.657577319177793,NM,Clc1cccc(Cl)c1C(=O)Nc2ccncc2
CHEMBL2420845,ORMKFXMRYRQMCO-UHFFFAOYSA-N,,,P23458,TYROSINE-PROTEIN KINASE JAK1,JAK1,23867602.0,pKI,5.455931955649724,NM,Cc1cccc(Cl)c1C(=O)Nc2ccncc2
CHEMBL2152304,OSXKJHSWDVWWKB-UHFFFAOYSA-N,,,P23458,TYROSINE-PROTEIN KINASE JAK1,JAK1,22591402.0,pKI,7.2076083105017466,NM,C(N1CC(C1)n2cnc3cnc4[nH]ccc4c23)c5ccccc5
CHEMBL2436945,OUAYPLUHINPFJL-MWLCHTKSSA-N,,,P23458,TYROSINE-PROTEIN KINASE JAK1,JAK1,24042009.0,pKI,8.522878745280337,NM,CCc1nc(N[C@@H]2CCC[C@@H]2C#N)c3C=CNC(=O)c3n1
CHEMBL3667511,OUDRBZOMWXKLSN-UHFFFAOYSA-N,,,P23458,TYROSINE-PROTEIN KINASE JAK1,JAK1,,pKI,7.7447274948966935,NM,Cc1cc(NC(=O)c2cnn3cccnc23)n(n1)c4ccccc4Br
CHEMBL3667511,OUDRBZOMWXKLSN-UHFFFAOYSA-N,,,P23458,TYROSINE-PROTEIN KINASE JAK1,JAK1,,pKI,6.882728704344236,NM,Cc1cc(NC(=O)c2cnn3cccnc23)n(n1)c4ccccc4Br
CHEMBL3667511,OUDRBZOMWXKLSN-UHFFFAOYSA-N,,,P23458,TYROSINE-PROTEIN KINASE JAK1,JAK1,,pKI,6.318758762624412,NM,Cc1cc(NC(=O)c2cnn3cccnc23)n(n1)c4ccccc4Br
CHEMBL3670395,OXTIPRCZMLWKFL-UHFFFAOYSA-N,,,P23458,TYROSINE-PROTEIN KINASE JAK1,JAK1,,pKI,7.33161408331,NM,O=C(NC1CCOCC1)c2cnn3ccc(NC4Cc5ccccc5C4)nc23
CHEMBL3670395,OXTIPRCZMLWKFL-UHFFFAOYSA-N,,,P23458,TYROSINE-PROTEIN KINASE JAK1,JAK1,,pKI,6.818156412055227,NM,O=C(NC1CCOCC1)c2cnn3ccc(NC4Cc5ccccc5C4)nc23
CHEMBL2392494,PJXNQWVTONZJKR-UHFFFAOYSA-N,,,P23458,TYROSINE-PROTEIN KINASE JAK1,JAK1,23642482.0,pKI,6.6777807052660805,NM,C1CC(CCN1)n2nnc3cnc4[nH]ccc4c23
CHEMBL2420841,PNWVOLKZHJEWQU-UHFFFAOYSA-N,,,P23458,TYROSINE-PROTEIN KINASE JAK1,JAK1,23867602.0,pKI,5.455931955649724,NM,O=C(Nc1ccncc1)c2ccccc2
CHEMBL2386627,PSXHOFQSKGRHCR-GMTAPVOTSA-N,,,P23458,TYROSINE-PROTEIN KINASE JAK1,JAK1,23659214.0,pKI,8.568636235841012,NM,C[C@@H](O)c1nc2cnc3[nH]ccc3c2n1[C@@H]4CCC[C@@H](O)C4
CHEMBL2420834,PSZKDSGPGQKJNS-UHFFFAOYSA-N,,,P23458,TYROSINE-PROTEIN KINASE JAK1,JAK1,23867602.0,pKI,5.455931955649724,NM,CC(C)(C)C(=O)Nc1cc(NC(=O)c2c(Cl)cccc2Cl)ccn1
CHEMBL2436958,PULLAMAVGIYLFA-UHFFFAOYSA-N,,,P23458,TYROSINE-PROTEIN KINASE JAK1,JAK1,24042009.0,pKI,5.455931955649724,NM,CN(C1CCCC1)c2ncnc3C(=O)NC=Cc23
CHEMBL2420849,PZGBLDBRRUYJMK-UHFFFAOYSA-N,,,P23458,TYROSINE-PROTEIN KINASE JAK1,JAK1,23867602.0,pKI,5.455931955649724,NM,Nc1cccc(C(=O)Nc2ccncc2)c1Cl
CHEMBL2420858,QAVSNPROYYFVPE-UHFFFAOYSA-N,,,P23458,TYROSINE-PROTEIN KINASE JAK1,JAK1,23867602.0,pKI,5.455931955649724,NM,Clc1cccc(Cl)c1NC(=O)c2ccncc2
CHEMBL2206626,QCDYMUNPZWBSLY-UHFFFAOYSA-N,,,P23458,TYROSINE-PROTEIN KINASE JAK1,JAK1,23107482.0,pKI,8.301029995663981,NM,CS(=O)(=O)NCc1nc2cnc3[nH]ccc3c2n1C4CCN(CC(F)(F)F)CC4
CHEMBL2385096,QEKANLQOSSFFGI-MXWKQRLJSA-N,,,P23458,TYROSINE-PROTEIN KINASE JAK1,JAK1,23659214.0,pKI,8.698970004336019,NM,C[C@@H](O)c1nc2cnc3[nH]ccc3c2n1[C@H]4CC[C@H](C4)NCC(F)(F)F
CHEMBL2386632,QEKANLQOSSFFGI-VWYCJHECSA-N,,,P23458,TYROSINE-PROTEIN KINASE JAK1,JAK1,23659214.0,pKI,8.920818753952375,NM,C[C@@H](O)c1nc2cnc3[nH]ccc3c2n1[C@H]4CC[C@@H](C4)NCC(F)(F)F
CHEMBL2152420,QEPIOWJTIVDGNQ-JOCQHMNTSA-N,,,P23458,TYROSINE-PROTEIN KINASE JAK1,JAK1,22591402.0,pKI,8.346787486224656,NM,N#CCCN[C@@H]1CC[C@H](CC1)n2cnc3cnc4[nH]ccc4c23
CHEMBL2206061,QHERSCPVQFHKJL-UHFFFAOYSA-N,,,P23458,TYROSINE-PROTEIN KINASE JAK1,JAK1,23107482.0,pKI,8.537602002101044,NM,N#CCCN1CCC(CC1)n2c(nc3cnc4[nH]ccc4c23)C5CC5
CHEMBL2420840,QLAQQJRJBODGNY-UHFFFAOYSA-N,,,P23458,TYROSINE-PROTEIN KINASE JAK1,JAK1,23867602.0,pKI,5.455931955649724,NM,NCC(=O)Nc1cc(NC(=O)c2c(Cl)cccc2Cl)ccn1
CHEMBL2436946,QONFCENWNQHGBM-UHFFFAOYSA-N,,,P23458,TYROSINE-PROTEIN KINASE JAK1,JAK1,24042009.0,pKI,7.008773924307505,NM,CC(C)(C)Nc1ncnc2C(=O)NC=Cc12
CHEMBL2206629,QPGQYBKAZOTPAZ-UHFFFAOYSA-N,,,P23458,TYROSINE-PROTEIN KINASE JAK1,JAK1,23107482.0,pKI,8.67778070526608,NM,CS(=O)(=O)NCc1nc2cnc3[nH]ccc3c2n1C4CCCSC4
CHEMBL2206629,QPGQYBKAZOTPAZ-UHFFFAOYSA-N,,,P23458,TYROSINE-PROTEIN KINASE JAK1,JAK1,23107482.0,pKI,7.7447274948966935,NM,CS(=O)(=O)NCc1nc2cnc3[nH]ccc3c2n1C4CCCSC4
CHEMBL2420846,QSHOMOXGYKOQQT-UHFFFAOYSA-N,,,P23458,TYROSINE-PROTEIN KINASE JAK1,JAK1,23867602.0,pKI,5.769551078621726,NM,Nc1cccc(Cl)c1C(=O)Nc2ccncc2
CHEMBL2206625,RACXBGIDSNEZCG-UHFFFAOYSA-N,,,P23458,TYROSINE-PROTEIN KINASE JAK1,JAK1,23107482.0,pKI,7.920818753952375,NM,CC(=O)NCc1nc2cnc3[nH]ccc3c2n1C4CCN(CC(F)(F)F)CC4
CHEMBL2420825,RCULCNISCKTARC-UHFFFAOYSA-N,,,P23458,TYROSINE-PROTEIN KINASE JAK1,JAK1,23867602.0,pKI,5.455931955649724,NM,Clc1cccc(Cl)c1C(=O)Nc2ccnc(Nc3ncccn3)c2
CHEMBL2392499,RCVCCGGWXOBZLD-KYZUINATSA-N,,,P23458,TYROSINE-PROTEIN KINASE JAK1,JAK1,23642482.0,pKI,7.920818753952375,NM,O[C@@H]1CC[C@H](CC1)n2nnc3cnc4[nH]ccc4c23
CHEMBL2152406,RFPXHAIJTDKSBT-KRWDZBQOSA-N,,,P23458,TYROSINE-PROTEIN KINASE JAK1,JAK1,22591402.0,pKI,7.958607314841775,NM,CN1CCCC[C@H]1C(=O)N2CCC(CC2)n3cnc4cnc5[nH]ccc5c34
CHEMBL2152399,RODKSBMXHMZTKN-UHFFFAOYSA-N,,,P23458,TYROSINE-PROTEIN KINASE JAK1,JAK1,22591402.0,pKI,7.301029995663981,NM,CCN1CCC(CC1)n2cnc3cnc4[nH]ccc4c23
CHEMBL2436965,RSGDPBGFGVDKNP-PSASIEDQSA-N,,,P23458,TYROSINE-PROTEIN KINASE JAK1,JAK1,24042009.0,pKI,7.886056647693163,NM,O=C1NC=Cc2c(N[C@@H]3CCC[C@@H]3C#N)ncnc12
CHEMBL2436967,RSGDPBGFGVDKNP-UHFFFAOYSA-N,,,P23458,TYROSINE-PROTEIN KINASE JAK1,JAK1,24042009.0,pKI,8.154901959985743,NM,O=C1NC=Cc2c(NC3CCCC3C#N)ncnc12
CHEMBL2436967,RSGDPBGFGVDKNP-UHFFFAOYSA-N,,,P23458,TYROSINE-PROTEIN KINASE JAK1,JAK1,24042009.0,pKI,7.167491087293763,NM,O=C1NC=Cc2c(NC3CCCC3C#N)ncnc12
CHEMBL2436966,RSGDPBGFGVDKNP-WCBMZHEXSA-N,,,P23458,TYROSINE-PROTEIN KINASE JAK1,JAK1,24042009.0,pKI,7.187086643357144,NM,O=C1NC=Cc2c(N[C@@H]3CCC[C@H]3C#N)ncnc12
CHEMBL2386646,RSHHUIIGMVULDH-SNVBAGLBSA-N,,,P23458,TYROSINE-PROTEIN KINASE JAK1,JAK1,23659214.0,pKI,8.585026652029182,NM,C[C@@H](O)c1nc2cnc3[nH]ccc3c2n1C4CCN(CC(F)(F)F)CC4
CHEMBL2420817,RWGMSQLDRQDCDW-UHFFFAOYSA-N,,,P23458,TYROSINE-PROTEIN KINASE JAK1,JAK1,23867602.0,pKI,5.455931955649724,NM,Clc1cccc(Cl)c1c2ncc([nH]2)c3ccncc3
CHEMBL2392489,SAKCDYZVSDEMRX-UHFFFAOYSA-N,,,P23458,TYROSINE-PROTEIN KINASE JAK1,JAK1,23642482.0,pKI,8.207608310501746,NM,CS(=O)(=O)N1CCC(CC1)n2nnc3cnc4[nH]ccc4c23
CHEMBL2206634,SAXAFXCYPKPULO-UHFFFAOYSA-N,,,P23458,TYROSINE-PROTEIN KINASE JAK1,JAK1,23107482.0,pKI,8.67778070526608,NM,CS(=O)(=O)NCCc1nc2cnc3[nH]ccc3c2n1C4CCCCC4
CHEMBL2152416,SCIMUCMVZURYLT-HDJSIYSDSA-N,,,P23458,TYROSINE-PROTEIN KINASE JAK1,JAK1,22591402.0,pKI,7.920818753952375,NM,C1CN(CCO1)[C@@H]2CC[C@H](CC2)n3cnc4cnc5[nH]ccc5c34
CHEMBL2152417,SCIMUCMVZURYLT-OKILXGFUSA-N,,,P23458,TYROSINE-PROTEIN KINASE JAK1,JAK1,22591402.0,pKI,6.552841968657781,NM,C1CN(CCO1)[C@@H]2CC[C@@H](CC2)n3cnc4cnc5[nH]ccc5c34
CHEMBL3667527,SDGQVTSJYRDVBO-UHFFFAOYSA-N,,,P23458,TYROSINE-PROTEIN KINASE JAK1,JAK1,,pKI,7.504455662453552,NM,O=C(Nc1c[nH]nc1N2CCC(CC2)C#N)c3cnn4cccnc34
CHEMBL3667527,SDGQVTSJYRDVBO-UHFFFAOYSA-N,,,P23458,TYROSINE-PROTEIN KINASE JAK1,JAK1,,pKI,6.7544873321858505,NM,O=C(Nc1c[nH]nc1N2CCC(CC2)C#N)c3cnn4cccnc34
CHEMBL3667527,SDGQVTSJYRDVBO-UHFFFAOYSA-N,,,P23458,TYROSINE-PROTEIN KINASE JAK1,JAK1,,pKI,6.638272163982407,NM,O=C(Nc1c[nH]nc1N2CCC(CC2)C#N)c3cnn4cccnc34
CHEMBL3667518,SEQQCOJLCFZLND-UHFFFAOYSA-N,,,P23458,TYROSINE-PROTEIN KINASE JAK1,JAK1,,pKI,8.823908740944319,NM,COc1ncc(cc1c2n[nH]cc2NC(=O)c3cnn4cccnc34)C#N
CHEMBL3667518,SEQQCOJLCFZLND-UHFFFAOYSA-N,,,P23458,TYROSINE-PROTEIN KINASE JAK1,JAK1,,pKI,8.318758762624412,NM,COc1ncc(cc1c2n[nH]cc2NC(=O)c3cnn4cccnc34)C#N
CHEMBL3667518,SEQQCOJLCFZLND-UHFFFAOYSA-N,,,P23458,TYROSINE-PROTEIN KINASE JAK1,JAK1,,pKI,8.18045606445813,NM,COc1ncc(cc1c2n[nH]cc2NC(=O)c3cnn4cccnc34)C#N
CHEMBL2420812,SHWAYLFZFJFUFD-UHFFFAOYSA-N,,,P23458,TYROSINE-PROTEIN KINASE JAK1,JAK1,23867602.0,pKI,6.366531544420414,NM,CCNC(=O)Nc1cc(NC(=O)c2c(Cl)cccc2Cl)ccn1
CHEMBL2386630,SIBOOLLVAJCRIK-IJLUTSLNSA-N,,,P23458,TYROSINE-PROTEIN KINASE JAK1,JAK1,23659214.0,pKI,8.958607314841775,NM,C[C@@H](O)c1nc2cnc3[nH]ccc3c2n1[C@@H]4CC[C@H](CC4)NCC(F)F
CHEMBL2436961,SKAIRGYGYSGPOG-UHFFFAOYSA-N,,,P23458,TYROSINE-PROTEIN KINASE JAK1,JAK1,24042009.0,pKI,6.343901797987168,NM,OC1CCCC1Nc2ncnc3C(=O)NC=Cc23
CHEMBL2420853,SKKHCEIWNZSALN-UHFFFAOYSA-N,,,P23458,TYROSINE-PROTEIN KINASE JAK1,JAK1,23867602.0,pKI,5.455931955649724,NM,COc1ccc(Cl)c(c1)C(=O)Nc2ccncc2
CHEMBL2386650,SMHDJPTUYOMJEU-GHMZBOCLSA-N,,,P23458,TYROSINE-PROTEIN KINASE JAK1,JAK1,23659214.0,pKI,7.366531544420414,NM,C[C@@H](O)c1nc2cnc3[nH]ccc3c2n1[C@@H]4CCCN(C4)C(=O)CC(F)(F)F
CHEMBL3667513,SMVZAQMYQIIFKQ-UHFFFAOYSA-N,,,P23458,TYROSINE-PROTEIN KINASE JAK1,JAK1,,pKI,6.798602875679548,NM,Clc1ccc(cc1)n2nccc2NC(=O)c3cnn4cccnc34
CHEMBL3667513,SMVZAQMYQIIFKQ-UHFFFAOYSA-N,,,P23458,TYROSINE-PROTEIN KINASE JAK1,JAK1,,pKI,6.070581074285707,NM,Clc1ccc(cc1)n2nccc2NC(=O)c3cnn4cccnc34
CHEMBL3667513,SMVZAQMYQIIFKQ-UHFFFAOYSA-N,,,P23458,TYROSINE-PROTEIN KINASE JAK1,JAK1,,pKI,5.920818753952375,NM,Clc1ccc(cc1)n2nccc2NC(=O)c3cnn4cccnc34
CHEMBL2206060,SORLDFQQPMQIOG-UHFFFAOYSA-N,,,P23458,TYROSINE-PROTEIN KINASE JAK1,JAK1,23107482.0,pKI,8.337242168318426,NM,CCCc1nc2cnc3[nH]ccc3c2n1C4CCN(CCC#N)CC4
CHEMBL2420856,STOCMIHPZDQGDB-UHFFFAOYSA-N,,,P23458,TYROSINE-PROTEIN KINASE JAK1,JAK1,23867602.0,pKI,5.455931955649724,NM,Nc1ccc(C(=O)Nc2ccncc2)c(Cl)c1
CHEMBL3667525,SZOIUXXJQSKBJX-UHFFFAOYSA-N,,,P23458,TYROSINE-PROTEIN KINASE JAK1,JAK1,,pKI,8.638272163982407,NM,COc1ccc(F)cc1c2nn(CC3(O)CCOCC3)cc2NC(=O)c4cnn5cccnc45
CHEMBL3667525,SZOIUXXJQSKBJX-UHFFFAOYSA-N,,,P23458,TYROSINE-PROTEIN KINASE JAK1,JAK1,,pKI,8.207608310501746,NM,COc1ccc(F)cc1c2nn(CC3(O)CCOCC3)cc2NC(=O)c4cnn5cccnc45
CHEMBL3667525,SZOIUXXJQSKBJX-UHFFFAOYSA-N,,,P23458,TYROSINE-PROTEIN KINASE JAK1,JAK1,,pKI,7.327902142064283,NM,COc1ccc(F)cc1c2nn(CC3(O)CCOCC3)cc2NC(=O)c4cnn5cccnc45
CHEMBL2152297,SZWULWDUCCLMJA-RISCZKNCSA-N,,,P23458,TYROSINE-PROTEIN KINASE JAK1,JAK1,22591402.0,pKI,9.301029995663981,NM,C[C@@H]1CCN(C[C@@H]1n2cnc3cnc4[nH]ccc4c23)C(=O)CC#N
CHEMBL2392482,TVLSXEPGCCBBSS-HAQNSBGRSA-N,,,P23458,TYROSINE-PROTEIN KINASE JAK1,JAK1,23642482.0,pKI,6.920818753952375,NM,CC(C)(C)OC(=O)N[C@@H]1CC[C@H](CC1)n2nnc3cnc4[nH]ccc4c23
CHEMBL2392485,TVVCYONNWZJIJD-GHMZBOCLSA-N,,,P23458,TYROSINE-PROTEIN KINASE JAK1,JAK1,23642482.0,pKI,8.619788758288394,NM,CC(C)(C)OC(=O)N[C@@H]1CC[C@H](C1)n2nnc3cnc4[nH]ccc4c23
CHEMBL2159199,TWKKVDUUNHTMJZ-UHFFFAOYSA-N,,,P23458,TYROSINE-PROTEIN KINASE JAK1,JAK1,22698084.0,pKI,7.7447274948966935,NM,Cc1nc2cnc3[nH]ccc3c2n1C4CCOCC4
CHEMBL2206612,UBZUEMPLVWIZSF-UHFFFAOYSA-N,,,P23458,TYROSINE-PROTEIN KINASE JAK1,JAK1,23107482.0,pKI,7.795880017344075,NM,N#CCCN1CCC(CC1)n2c(CC3CCCC3)nc4cnc5[nH]ccc5c24
CHEMBL2436957,UFZCOMBPDHFAQX-UHFFFAOYSA-N,,,P23458,TYROSINE-PROTEIN KINASE JAK1,JAK1,24042009.0,pKI,6.214670164989233,NM,Clc1ccc(Nc2ncnc3C(=O)NC=Cc23)cc1
CHEMBL2386645,UGFAJWBMCYHJFG-CYBMUJFWSA-N,,,P23458,TYROSINE-PROTEIN KINASE JAK1,JAK1,23659214.0,pKI,8.795880017344075,NM,OC[C@@H](O)c1nc2cnc3[nH]ccc3c2n1C4CCCCC4
CHEMBL2386644,UGFAJWBMCYHJFG-ZDUSSCGKSA-N,,,P23458,TYROSINE-PROTEIN KINASE JAK1,JAK1,23659214.0,pKI,8.142667503568731,NM,OC[C@H](O)c1nc2cnc3[nH]ccc3c2n1C4CCCCC4
CHEMBL2206632,UHTWPLFZGVNSMN-UHFFFAOYSA-N,,,P23458,TYROSINE-PROTEIN KINASE JAK1,JAK1,23107482.0,pKI,8.585026652029182,NM,CC(=O)NCCc1nc2cnc3[nH]ccc3c2n1C4CCCCC4
CHEMBL221959,UJLAWZDWDVHWOW-YPMHNXCESA-N,TOFACITINIB,PFE-PKIS 25,P23458,TYROSINE-PROTEIN KINASE JAK1,JAK1,22591402.0,pKI,9.167491087293763,NM,C[C@@H]1CCN(C[C@@H]1N(C)c2ncnc3[nH]ccc23)C(=O)CC#N
CHEMBL221959,UJLAWZDWDVHWOW-YPMHNXCESA-N,TOFACITINIB,PFE-PKIS 25,P23458,TYROSINE-PROTEIN KINASE JAK1,JAK1,22591402.0,pKI,9.154901959985743,NM,C[C@@H]1CCN(C[C@@H]1N(C)c2ncnc3[nH]ccc23)C(=O)CC#N
CHEMBL221959,UJLAWZDWDVHWOW-YPMHNXCESA-N,TOFACITINIB,PFE-PKIS 25,P23458,TYROSINE-PROTEIN KINASE JAK1,JAK1,23659214.0,pKI,9.154901959985743,NM,C[C@@H]1CCN(C[C@@H]1N(C)c2ncnc3[nH]ccc23)C(=O)CC#N
CHEMBL221959,UJLAWZDWDVHWOW-YPMHNXCESA-N,TOFACITINIB,PFE-PKIS 25,P23458,TYROSINE-PROTEIN KINASE JAK1,JAK1,23668484.0,pKI,9.154901959985743,NM,C[C@@H]1CCN(C[C@@H]1N(C)c2ncnc3[nH]ccc23)C(=O)CC#N
CHEMBL2152298,UMWNXPTXDOVDFE-QAPCUYQASA-N,,,P23458,TYROSINE-PROTEIN KINASE JAK1,JAK1,22591402.0,pKI,6.214670164989233,NM,C[C@@H]1CCN(Cc2ccccc2)C[C@@H]1N(C)c3ncnc4[nH]ccc34
CHEMBL2436952,UQLWNPSDHWQMOO-UHFFFAOYSA-N,,,P23458,TYROSINE-PROTEIN KINASE JAK1,JAK1,24042009.0,pKI,6.1911141326401875,NM,O=C1NC=Cc2c(NCC3CCCC3)ncnc12
CHEMBL3670393,URVFJVXEAYRVCV-UHFFFAOYSA-N,,,P23458,TYROSINE-PROTEIN KINASE JAK1,JAK1,,pKI,8.55284196865778,NM,Nc1ccn2ncc(C(=O)Nc3c[nH]nc3c4cc(Cl)ccc4Cl)c2n1
CHEMBL3670393,URVFJVXEAYRVCV-UHFFFAOYSA-N,,,P23458,TYROSINE-PROTEIN KINASE JAK1,JAK1,,pKI,8.387216143280265,NM,Nc1ccn2ncc(C(=O)Nc3c[nH]nc3c4cc(Cl)ccc4Cl)c2n1
CHEMBL2420818,USISZHIYHZLNDO-UHFFFAOYSA-N,,,P23458,TYROSINE-PROTEIN KINASE JAK1,JAK1,23867602.0,pKI,5.455931955649724,NM,Clc1cccc(Cl)c1c2nnc([nH]2)c3ccncc3
CHEMBL2152404,USLJYMUSNAVLMJ-INIZCTEOSA-N,,,P23458,TYROSINE-PROTEIN KINASE JAK1,JAK1,22591402.0,pKI,7.823908740944319,NM,CN1CCC[C@H]1C(=O)N2CCC(CC2)n3cnc4cnc5[nH]ccc5c34
CHEMBL2152403,USLJYMUSNAVLMJ-MRXNPFEDSA-N,,,P23458,TYROSINE-PROTEIN KINASE JAK1,JAK1,22591402.0,pKI,7.366531544420414,NM,CN1CCC[C@@H]1C(=O)N2CCC(CC2)n3cnc4cnc5[nH]ccc5c34
CHEMBL2206639,UTCQOVZSZNFTKB-UHFFFAOYSA-N,,,P23458,TYROSINE-PROTEIN KINASE JAK1,JAK1,23107482.0,pKI,9.221848749616356,NM,CS(=O)(=O)NCCc1nc2cnc3[nH]ccc3c2n1C4CC5CCC4C5
CHEMBL2206619,UTZZUPODPHWAMC-UHFFFAOYSA-N,,,P23458,TYROSINE-PROTEIN KINASE JAK1,JAK1,23107482.0,pKI,7.795880017344075,NM,CC(=O)NCc1nc2cnc3[nH]ccc3c2n1C4CCN(CCC#N)CC4
CHEMBL2420860,UZNVJMPOZQEHDJ-UHFFFAOYSA-N,,,P23458,TYROSINE-PROTEIN KINASE JAK1,JAK1,23867602.0,pKI,5.455931955649724,NM,Clc1cccc(Cl)c1CNc2ccncc2
CHEMBL2152413,VBEGYGRCLFKGNY-BETUJISGSA-N,,,P23458,TYROSINE-PROTEIN KINASE JAK1,JAK1,22591402.0,pKI,8.214670164989233,NM,CC(C)(C)OC(=O)N[C@@H]1CC[C@@H](CC1)n2cnc3cnc4[nH]ccc4c23
CHEMBL2152412,VBEGYGRCLFKGNY-JOCQHMNTSA-N,,,P23458,TYROSINE-PROTEIN KINASE JAK1,JAK1,22591402.0,pKI,8.214670164989233,NM,CC(C)(C)OC(=O)N[C@@H]1CC[C@H](CC1)n2cnc3cnc4[nH]ccc4c23
CHEMBL2436954,VDBUOVXDBCARAJ-UHFFFAOYSA-N,,,P23458,TYROSINE-PROTEIN KINASE JAK1,JAK1,24042009.0,pKI,6.049148541111453,NM,O=C1NC=Cc2c(NC3CCOCC3)ncnc12
CHEMBL2386651,VGEYVZCUTRKVTN-SECBINFHSA-N,,,P23458,TYROSINE-PROTEIN KINASE JAK1,JAK1,23659214.0,pKI,7.508638306165727,NM,C[C@@H](O)c1nc2cnc3[nH]ccc3c2n1C4CCOCC4
CHEMBL2420835,VIVHTNRZLWBKBF-UHFFFAOYSA-N,,,P23458,TYROSINE-PROTEIN KINASE JAK1,JAK1,23867602.0,pKI,5.455931955649724,NM,Clc1cccc(Cl)c1C(=O)Nc2ccnc(NC(=O)CC3CC3)c2
CHEMBL1370276,VLBULEGEZPKUMX-UHFFFAOYSA-N,,,P23458,TYROSINE-PROTEIN KINASE JAK1,JAK1,23867602.0,pKI,5.508638306165727,NM,Fc1cccc(F)c1C(=O)Nc2ccncc2
CHEMBL2152411,VLKITAFTZBMNIF-UHFFFAOYSA-N,,,P23458,TYROSINE-PROTEIN KINASE JAK1,JAK1,22591402.0,pKI,7.301029995663981,NM,CC1(CCN(CCC#N)CC1)n2cnc3cnc4[nH]ccc4c23
CHEMBL2152395,VPPOALABLHISBL-UHFFFAOYSA-N,,,P23458,TYROSINE-PROTEIN KINASE JAK1,JAK1,22591402.0,pKI,7.7447274948966935,NM,O=C(N1CCC(CC1)n2cnc3cnc4[nH]ccc4c23)c5ccccc5
CHEMBL2436944,VQNBXWDMQVKMEV-BXKDBHETSA-N,,,P23458,TYROSINE-PROTEIN KINASE JAK1,JAK1,24042009.0,pKI,8.698970004336019,NM,O=C1NC=Cc2c(N[C@@H]3CCC[C@@H]3C#N)nc(nc12)c4cn[nH]c4
CHEMBL2392481,VRANOVGWKWFGCX-HAQNSBGRSA-N,,,P23458,TYROSINE-PROTEIN KINASE JAK1,JAK1,23642482.0,pKI,5.424465781680135,NM,N#CCCO[C@@H]1CC[C@H](CC1)n2nnc3cnc4[nH]ccc4c23
CHEMBL2386652,VSKQOMHTMYZRLK-NXEZZACHSA-N,,,P23458,TYROSINE-PROTEIN KINASE JAK1,JAK1,23659214.0,pKI,7.167491087293763,NM,C[C@@H](O)c1nc2cnc3[nH]ccc3c2n1[C@@H]4CCCOC4
CHEMBL2386653,VSKQOMHTMYZRLK-ZJUUUORDSA-N,,,P23458,TYROSINE-PROTEIN KINASE JAK1,JAK1,23659214.0,pKI,8.55284196865778,NM,C[C@@H](O)c1nc2cnc3[nH]ccc3c2n1[C@H]4CCCOC4
CHEMBL2152306,VTICMARMQUNXBS-UHFFFAOYSA-N,,,P23458,TYROSINE-PROTEIN KINASE JAK1,JAK1,22591402.0,pKI,7.346787486224656,NM,C1CC(CCN1)n2cnc3cnc4[nH]ccc4c23
CHEMBL2152306,VTICMARMQUNXBS-UHFFFAOYSA-N,,,P23458,TYROSINE-PROTEIN KINASE JAK1,JAK1,23659214.0,pKI,7.337242168318426,NM,C1CC(CCN1)n2cnc3cnc4[nH]ccc4c23
CHEMBL2152408,WGENEAJVEJTRQC-UHFFFAOYSA-N,,,P23458,TYROSINE-PROTEIN KINASE JAK1,JAK1,22591402.0,pKI,8.080921907623926,NM,CC1(CCN(Cc2cncnc2)CC1)n3cnc4cnc5[nH]ccc5c34
CHEMBL2206630,WHBVZVAHUZFHHD-UHFFFAOYSA-N,,,P23458,TYROSINE-PROTEIN KINASE JAK1,JAK1,23107482.0,pKI,7.552841968657781,NM,CS(=O)(=O)NCc1nc2cnc3[nH]ccc3c2n1C4CC5CCC4O5
CHEMBL2206613,WKQIRKOOEYBXBJ-UHFFFAOYSA-N,,,P23458,TYROSINE-PROTEIN KINASE JAK1,JAK1,23107482.0,pKI,7.619788758288394,NM,N#CCCN1CCC(CC1)n2c(CC3CCCO3)nc4cnc5[nH]ccc5c24
CHEMBL2152305,WKWXJWGOAKGEEM-UHFFFAOYSA-N,,,P23458,TYROSINE-PROTEIN KINASE JAK1,JAK1,22591402.0,pKI,8.619788758288394,NM,C(N1CCC(CC1)n2cnc3cnc4[nH]ccc4c23)c5ccccc5
CHEMBL2420838,WMLWTELMQOQBRI-UHFFFAOYSA-N,,,P23458,TYROSINE-PROTEIN KINASE JAK1,JAK1,23867602.0,pKI,5.455931955649724,NM,Clc1cccc(Cl)c1C(=O)Nc2ccnc(NC(=O)c3ccccc3)c2
CHEMBL2159205,WNOAFHWKHLBACX-HDJSIYSDSA-N,,,P23458,TYROSINE-PROTEIN KINASE JAK1,JAK1,22698084.0,pKI,8.823908740944319,NM,Cc1nc2cnc3[nH]ccc3c2n1[C@@H]4CC[C@H](CC4)NCCC#N
CHEMBL2420851,WNPUIQVGPIGVRE-UHFFFAOYSA-N,,,P23458,TYROSINE-PROTEIN KINASE JAK1,JAK1,23867602.0,pKI,5.6777807052660805,NM,Clc1ccc(Cl)c(c1)C(=O)Nc2ccncc2
CHEMBL2152405,XDHQVHVOFHWRNB-SFHVURJKSA-N,,,P23458,TYROSINE-PROTEIN KINASE JAK1,JAK1,22591402.0,pKI,7.657577319177793,NM,CC(C)N1CCC[C@H]1C(=O)N2CCC(CC2)n3cnc4cnc5[nH]ccc5c34
CHEMBL2420839,XGIVGIUCVFRDPZ-UHFFFAOYSA-N,,,P23458,TYROSINE-PROTEIN KINASE JAK1,JAK1,23867602.0,pKI,5.455931955649724,NM,OCC(=O)Nc1cc(NC(=O)c2c(Cl)cccc2Cl)ccn1
CHEMBL2420814,XIBGNXTUBIHGMF-UHFFFAOYSA-N,,,P23458,TYROSINE-PROTEIN KINASE JAK1,JAK1,23867602.0,pKI,5.455931955649724,NM,CN(C(=O)c1c(Cl)cccc1Cl)c2ccncc2
CHEMBL3667519,XJIGRSGPENMQAL-UHFFFAOYSA-N,,,P23458,TYROSINE-PROTEIN KINASE JAK1,JAK1,,pKI,9.397940008672037,NM,COc1ccc(Cl)cc1c2nc(C)sc2NC(=O)c3cnn4cccnc34
CHEMBL3667519,XJIGRSGPENMQAL-UHFFFAOYSA-N,,,P23458,TYROSINE-PROTEIN KINASE JAK1,JAK1,,pKI,9.154901959985743,NM,COc1ccc(Cl)cc1c2nc(C)sc2NC(=O)c3cnn4cccnc34
CHEMBL3667519,XJIGRSGPENMQAL-UHFFFAOYSA-N,,,P23458,TYROSINE-PROTEIN KINASE JAK1,JAK1,,pKI,8.67778070526608,NM,COc1ccc(Cl)cc1c2nc(C)sc2NC(=O)c3cnn4cccnc34
CHEMBL2152300,XTKGOBBIBUQFHY-LLVKDONJSA-N,,,P23458,TYROSINE-PROTEIN KINASE JAK1,JAK1,22591402.0,pKI,9.397940008672037,NM,O=C(CC#N)N1CCC[C@H](C1)n2cnc3cnc4[nH]ccc4c23
CHEMBL2152300,XTKGOBBIBUQFHY-LLVKDONJSA-N,,,P23458,TYROSINE-PROTEIN KINASE JAK1,JAK1,23642482.0,pKI,9.397940008672037,NM,O=C(CC#N)N1CCC[C@H](C1)n2cnc3cnc4[nH]ccc4c23
CHEMBL2159141,XTQACRIFOIASKV-UHFFFAOYSA-N,,,P23458,TYROSINE-PROTEIN KINASE JAK1,JAK1,22698084.0,pKI,8.0,NM,Cc1nc2cnc3[nH]ccc3c2n1C4CCNCC4
CHEMBL2159141,XTQACRIFOIASKV-UHFFFAOYSA-N,,,P23458,TYROSINE-PROTEIN KINASE JAK1,JAK1,23659214.0,pKI,8.0,NM,Cc1nc2cnc3[nH]ccc3c2n1C4CCNCC4
CHEMBL2386628,XWRWZQJAOJYIJU-IJLUTSLNSA-N,,,P23458,TYROSINE-PROTEIN KINASE JAK1,JAK1,23659214.0,pKI,8.309803919971486,NM,CO[C@@H]1CC[C@H](CC1)n2c(nc3cnc4[nH]ccc4c23)[C@@H](C)O
CHEMBL2386648,XXFZOVSPBCEWTB-VUUHIHSGSA-N,,,P23458,TYROSINE-PROTEIN KINASE JAK1,JAK1,23659214.0,pKI,8.698970004336019,NM,CCN1CCC(n2c(nc3cnc4[nH]ccc4c23)[C@@H](C)O)C(F)(F)C1
CHEMBL2159198,XXXPSYBQNILIFB-UHFFFAOYSA-N,,,P23458,TYROSINE-PROTEIN KINASE JAK1,JAK1,22698084.0,pKI,8.886056647693163,NM,Cc1nc2cnc3[nH]ccc3c2n1C4CCCCC4
CHEMBL2159198,XXXPSYBQNILIFB-UHFFFAOYSA-N,,,P23458,TYROSINE-PROTEIN KINASE JAK1,JAK1,23659214.0,pKI,8.886056647693163,NM,Cc1nc2cnc3[nH]ccc3c2n1C4CCCCC4
CHEMBL2436947,XYNMUFIACWVBMZ-UHFFFAOYSA-N,,,P23458,TYROSINE-PROTEIN KINASE JAK1,JAK1,24042009.0,pKI,6.1487416512809245,NM,CC(C)(C)CNc1ncnc2C(=O)NC=Cc12
CHEMBL2436964,YAUYCJIGEHJBEL-GXSJLCMTSA-N,,,P23458,TYROSINE-PROTEIN KINASE JAK1,JAK1,24042009.0,pKI,5.494850021680094,NM,CCOC(=O)[C@H]1CCC[C@H]1Nc2ncnc3C(=O)NC=Cc23
CHEMBL2152397,YBXKHICGEVIRLH-UHFFFAOYSA-N,,,P23458,TYROSINE-PROTEIN KINASE JAK1,JAK1,22591402.0,pKI,8.017728766960431,NM,O=S(=O)(N1CCC(CC1)n2cnc3cnc4[nH]ccc4c23)c5ccccc5
CHEMBL2420847,YCAYMNPIFLEWKU-UHFFFAOYSA-N,,,P23458,TYROSINE-PROTEIN KINASE JAK1,JAK1,23867602.0,pKI,5.455931955649724,NM,FC(F)(F)c1cccc(Cl)c1C(=O)Nc2ccncc2
CHEMBL3667520,YDLOXCYXIDDCNZ-UHFFFAOYSA-N,,,P23458,TYROSINE-PROTEIN KINASE JAK1,JAK1,,pKI,6.958607314841775,NM,ClC1=CN(C(=O)C=C1)c2n[nH]cc2NC(=O)c3cnn4cccnc34
CHEMBL3667520,YDLOXCYXIDDCNZ-UHFFFAOYSA-N,,,P23458,TYROSINE-PROTEIN KINASE JAK1,JAK1,,pKI,6.110698297493689,NM,ClC1=CN(C(=O)C=C1)c2n[nH]cc2NC(=O)c3cnn4cccnc34
CHEMBL3667520,YDLOXCYXIDDCNZ-UHFFFAOYSA-N,,,P23458,TYROSINE-PROTEIN KINASE JAK1,JAK1,,pKI,6.008773924307505,NM,ClC1=CN(C(=O)C=C1)c2n[nH]cc2NC(=O)c3cnn4cccnc34
CHEMBL2159214,YGCGXSAHRCHNJB-NXEZZACHSA-N,,,P23458,TYROSINE-PROTEIN KINASE JAK1,JAK1,22698084.0,pKI,8.318758762624412,NM,Cc1nc2cnc3[nH]ccc3c2n1[C@@H]4CC[C@@H](O)C4
CHEMBL2159215,YGCGXSAHRCHNJB-VHSXEESVSA-N,,,P23458,TYROSINE-PROTEIN KINASE JAK1,JAK1,22698084.0,pKI,8.267606240177031,NM,Cc1nc2cnc3[nH]ccc3c2n1[C@H]4CC[C@@H](O)C4
CHEMBL3667510,YHYZLBBGBXJVRK-UHFFFAOYSA-N,,,P23458,TYROSINE-PROTEIN KINASE JAK1,JAK1,,pKI,8.481486060122112,NM,Cc1cc(NC(=O)c2cnn3cccnc23)n(n1)c4cc(Cl)ccc4Cl
CHEMBL3667510,YHYZLBBGBXJVRK-UHFFFAOYSA-N,,,P23458,TYROSINE-PROTEIN KINASE JAK1,JAK1,,pKI,7.454692883534176,NM,Cc1cc(NC(=O)c2cnn3cccnc23)n(n1)c4cc(Cl)ccc4Cl
CHEMBL3667510,YHYZLBBGBXJVRK-UHFFFAOYSA-N,,,P23458,TYROSINE-PROTEIN KINASE JAK1,JAK1,,pKI,6.982966660701219,NM,Cc1cc(NC(=O)c2cnn3cccnc23)n(n1)c4cc(Cl)ccc4Cl
CHEMBL2206621,YIOKZYGRSNWOOM-UHFFFAOYSA-N,,,P23458,TYROSINE-PROTEIN KINASE JAK1,JAK1,23107482.0,pKI,8.136677139879543,NM,CS(=O)(=O)NCc1nc2cnc3[nH]ccc3c2n1C4CCN(CCC#N)CC4
CHEMBL2420836,YJMGZFGQBBEAQT-UHFFFAOYSA-N,,,P23458,TYROSINE-PROTEIN KINASE JAK1,JAK1,23867602.0,pKI,5.823908740944319,NM,Clc1cccc(Cl)c1C(=O)Nc2ccnc(NC(=O)C3CCC3)c2
CHEMBL2152307,YNEDMIROJZALTC-UHFFFAOYSA-N,,,P23458,TYROSINE-PROTEIN KINASE JAK1,JAK1,22591402.0,pKI,8.698970004336019,NM,C(N1CCC(CC1)n2cnc3cnc4[nH]ccc4c23)c5cncnc5
CHEMBL2436942,YVNDUIDRVJBLLW-ZYHUDNBSSA-N,,,P23458,TYROSINE-PROTEIN KINASE JAK1,JAK1,24042009.0,pKI,6.552841968657781,NM,CN(CCO)c1nc(N[C@@H]2CCC[C@@H]2C#N)c3C=CNC(=O)c3n1
CHEMBL2152415,YWFKBVSIOXRKIU-AOOOYVTPSA-N,,,P23458,TYROSINE-PROTEIN KINASE JAK1,JAK1,22591402.0,pKI,8.008773924307505,NM,N[C@@H]1CC[C@@H](CC1)n2cnc3cnc4[nH]ccc4c23
CHEMBL2152414,YWFKBVSIOXRKIU-MGCOHNPYSA-N,,,P23458,TYROSINE-PROTEIN KINASE JAK1,JAK1,22591402.0,pKI,8.236572006437063,NM,N[C@@H]1CC[C@H](CC1)n2cnc3cnc4[nH]ccc4c23
CHEMBL2420848,ZDWCEBBUOBPDRY-UHFFFAOYSA-N,,,P23458,TYROSINE-PROTEIN KINASE JAK1,JAK1,23867602.0,pKI,5.455931955649724,NM,Clc1cccc(C(=O)Nc2ccncc2)c1Cl
CHEMBL3670391,ZGNIKBGFAOAKMH-UHFFFAOYSA-N,,,P23458,TYROSINE-PROTEIN KINASE JAK1,JAK1,,pKI,7.818156412055227,NM,Cc1ccccc1c2nc(C)sc2NC(=O)c3cnn4ccc(N)nc34
CHEMBL3670391,ZGNIKBGFAOAKMH-UHFFFAOYSA-N,,,P23458,TYROSINE-PROTEIN KINASE JAK1,JAK1,,pKI,7.3585258894959,NM,Cc1ccccc1c2nc(C)sc2NC(=O)c3cnn4ccc(N)nc34
CHEMBL3667529,ZKIGAFPVFDLLDE-UHFFFAOYSA-N,,,P23458,TYROSINE-PROTEIN KINASE JAK1,JAK1,,pKI,8.795880017344075,NM,COc1ncc(Cl)cc1c2nn(CC(=O)N(C)C)cc2NC(=O)c3cnn4cccnc34
CHEMBL3667529,ZKIGAFPVFDLLDE-UHFFFAOYSA-N,,,P23458,TYROSINE-PROTEIN KINASE JAK1,JAK1,,pKI,8.236572006437063,NM,COc1ncc(Cl)cc1c2nn(CC(=O)N(C)C)cc2NC(=O)c3cnn4cccnc34
CHEMBL3667529,ZKIGAFPVFDLLDE-UHFFFAOYSA-N,,,P23458,TYROSINE-PROTEIN KINASE JAK1,JAK1,,pKI,7.853871964321762,NM,COc1ncc(Cl)cc1c2nn(CC(=O)N(C)C)cc2NC(=O)c3cnn4cccnc34
CHEMBL2206635,ZLAPMSAIBZDOAB-UHFFFAOYSA-N,,,P23458,TYROSINE-PROTEIN KINASE JAK1,JAK1,23107482.0,pKI,8.275724130399212,NM,CS(=O)(=O)NCc1nc2cnc3[nH]ccc3c2n1C4CCCC4
CHEMBL2436940,ZNXONFKMMRQSLC-TZMCWYRMSA-N,,,P23458,TYROSINE-PROTEIN KINASE JAK1,JAK1,24042009.0,pKI,6.356547323513812,NM,O=C1NC=Cc2c(N[C@@H]3CCC[C@@H]3C#N)nc(nc12)N4CCCCC4
CHEMBL2392495,ZODVJWILUBTSPZ-UHFFFAOYSA-N,,,P23458,TYROSINE-PROTEIN KINASE JAK1,JAK1,23642482.0,pKI,6.127843727251707,NM,C(C1CCNCC1)n2nnc3cnc4[nH]ccc4c23
CHEMBL2152299,ZPKCXUJQHWHDAJ-BEFAXECRSA-N,,,P23458,TYROSINE-PROTEIN KINASE JAK1,JAK1,22591402.0,pKI,7.920818753952375,NM,C[C@@H]1CCN(Cc2ccccc2)C[C@@H]1n3cnc4cnc5[nH]ccc5c34
CHEMBL2436953,ZVLZMVFWUJAKFT-UHFFFAOYSA-N,,,P23458,TYROSINE-PROTEIN KINASE JAK1,JAK1,24042009.0,pKI,6.82102305270683,NM,O=C1NC=Cc2c(NCCC3CCCCC3)ncnc12
