CHEMBL1668271,AAKOOCDMPALFJX-UHFFFAOYSA-N,,,P42345,SERINE/THREONINE-PROTEIN KINASE MTOR,MTOR,21269826.0,pKI,7.180456064458132,NM,Cc1cc(C(=O)Nc2ccc(C)nc2)c3nc(C)nc(N)c3c1
CHEMBL3681081,ABXIVYJPASFGEB-UHFFFAOYSA-N,,,P42345,SERINE/THREONINE-PROTEIN KINASE MTOR,MTOR,,pKI,7.97469413473523,NM,COc1ccc(cn1)c2ccc3ncc4N(C)C(=O)N(C5CCN(CC5)C(=O)CN(C)C)c4c3n2
CHEMBL2181653,AFTNBFPWLCGBFC-KRWDZBQOSA-N,,,P42345,SERINE/THREONINE-PROTEIN KINASE MTOR,MTOR,23199076.0,pKI,8.619788758288394,NM,CCNC(=O)Nc1ccc(cc1)c2nc3CCN(Cc3c(n2)N4CCOC[C@@H]4C)c5cnccn5
CHEMBL1668263,AFUOQOPEBBSLNV-UHFFFAOYSA-N,,,P42345,SERINE/THREONINE-PROTEIN KINASE MTOR,MTOR,21269826.0,pKI,6.0,NM,COc1ccc(NC(=O)c2c(C)ccc3c(N)nc(C)nc23)cn1
CHEMBL3681143,AHYFVHIIOMCATP-UHFFFAOYSA-N,,,P42345,SERINE/THREONINE-PROTEIN KINASE MTOR,MTOR,,pKI,7.7281583934635005,NM,CNC(=O)N1CCC(CC1)N2C(=O)N(C)c3cnc4ccc(nc4c23)c5cnn(C)c5
CHEMBL2375964,AICMEPHIKCWYDQ-GASCZTMLSA-N,,,P42345,SERINE/THREONINE-PROTEIN KINASE MTOR,MTOR,23506825.0,pKI,8.595166283380062,NM,COc1ccc(cn1)C2=Cc3c(C)nc(N)nc3N([C@@H]4CC[C@@H](CC4)OCC(=O)N)C2=O
CHEMBL2375958,AICMEPHIKCWYDQ-SHTZXODSSA-N,,,P42345,SERINE/THREONINE-PROTEIN KINASE MTOR,MTOR,23506825.0,pKI,7.530177984021837,NM,COc1ccc(cn1)C2=Cc3c(C)nc(N)nc3N([C@@H]4CC[C@H](CC4)OCC(=O)N)C2=O
CHEMBL1091978,AKKCGLXULFRAET-UHFFFAOYSA-N,,,P42345,SERINE/THREONINE-PROTEIN KINASE MTOR,MTOR,20346656.0,pKI,7.6777807052660805,NM,Cc1c(CN2CCN(CC2)S(=O)(=O)C)sc3c(nc(nc13)c4cnc(N)nc4)N5CCOCC5
CHEMBL1091978,AKKCGLXULFRAET-UHFFFAOYSA-N,,,P42345,SERINE/THREONINE-PROTEIN KINASE MTOR,MTOR,21981714.0,pKI,7.6777807052660805,NM,Cc1c(CN2CCN(CC2)S(=O)(=O)C)sc3c(nc(nc13)c4cnc(N)nc4)N5CCOCC5
CHEMBL3681189,AMXYSLJPYNAHGL-UHFFFAOYSA-N,,,P42345,SERINE/THREONINE-PROTEIN KINASE MTOR,MTOR,,pKI,7.835647144215563,NM,COc1ccc(cc1)c2ccc3ncc4N(C)C(=O)N(C5CCN(CC5)C(=O)C)c4c3n2
CHEMBL1774370,AOIIPRRAWWVKKQ-FYSMJZIKSA-N,,,P42345,SERINE/THREONINE-PROTEIN KINASE MTOR,MTOR,21495671.0,pKI,8.886056647693163,NM,CCNC(=O)Nc1ccc(cc1)c2nc(N3CCOC[C@@H]3C)c4CO[C@@](C)(CCC#N)c4n2
CHEMBL1774369,AOIIPRRAWWVKKQ-UPCLLVRISA-N,,,P42345,SERINE/THREONINE-PROTEIN KINASE MTOR,MTOR,21495671.0,pKI,8.958607314841775,NM,CCNC(=O)Nc1ccc(cc1)c2nc(N3CCOC[C@@H]3C)c4CO[C@](C)(CCC#N)c4n2
CHEMBL2334762,AQODXCHGIFZIIO-CVAIRZPRSA-N,,,P42345,SERINE/THREONINE-PROTEIN KINASE MTOR,MTOR,23473235.0,pKI,8.187086643357144,NM,CCNC(=O)Nc1ccc(cc1)c2nc3[C@@H]4CC[C@H](Cc3c(n2)N5CCOC[C@@H]5C)N4C
CHEMBL2334761,AQODXCHGIFZIIO-ZAAXVRCTSA-N,,,P42345,SERINE/THREONINE-PROTEIN KINASE MTOR,MTOR,23473235.0,pKI,8.920818753952375,NM,CCNC(=O)Nc1ccc(cc1)c2nc3[C@H]4CC[C@@H](Cc3c(n2)N5CCOC[C@@H]5C)N4C
CHEMBL1090239,AQTJNMUVTLTNOV-UHFFFAOYSA-N,,,P42345,SERINE/THREONINE-PROTEIN KINASE MTOR,MTOR,20346656.0,pKI,8.0,NM,CN1CCN(CC1)C(=O)c2cccc(c2)c3cc4nc(nc(N5CCOCC5)c4s3)c6cnc(N)nc6
CHEMBL2331663,ARICVBDWIFNOOD-UHFFFAOYSA-N,,,P42345,SERINE/THREONINE-PROTEIN KINASE MTOR,MTOR,,pKI,9.07468790850035,NM,CN1C(=O)N(C2CCN(CC2)C(=O)CO)c3c1cnc4ccc(nc34)c5ccc(C)nc5
CHEMBL2331663,ARICVBDWIFNOOD-UHFFFAOYSA-N,,,P42345,SERINE/THREONINE-PROTEIN KINASE MTOR,MTOR,,pKI,9.07468790850035,NM,CN1C(=O)N(C2CCN(CC2)C(=O)CO)c3c1cnc4ccc(nc34)c5ccc(C)nc5
CHEMBL1774354,AUXOGZPFZJCDLH-UHFFFAOYSA-N,,,P42345,SERINE/THREONINE-PROTEIN KINASE MTOR,MTOR,21495671.0,pKI,8.585026652029182,NM,CCNC(=O)Nc1ccc(cc1)c2nc(N3CCOCC3)c4C(=O)OC(C)(C)c4n2
CHEMBL3681188,AVPPVPMWQXGOOV-UHFFFAOYSA-N,,,P42345,SERINE/THREONINE-PROTEIN KINASE MTOR,MTOR,,pKI,8.465973893943865,NM,COc1ccc(cc1)c2ccc3ncc4N(C)C(=O)N(C5CCN(CC5)C(=O)CO)c4c3n2
CHEMBL2331686,AXXCVYSHHQEWSA-UHFFFAOYSA-N,,,P42345,SERINE/THREONINE-PROTEIN KINASE MTOR,MTOR,,pKI,8.18045606445813,NM,O=C1NC(=CC=C1)Nc2ccc(cc2)c3nc4CN(CCc4c(n3)N5CCOCC5)c6ncccn6
CHEMBL2331677,BALVINFSPVZXGT-KRWDZBQOSA-N,,,P42345,SERINE/THREONINE-PROTEIN KINASE MTOR,MTOR,,pKI,8.853871964321762,NM,CCNC(=O)Nc1ccc(cc1)c2nc3CN(CCc3c(n2)N4CCOC[C@@H]4C)c5nccn5C
CHEMBL1774357,BAPFSLSWVWETLT-AWEZNQCLSA-N,,,P42345,SERINE/THREONINE-PROTEIN KINASE MTOR,MTOR,21495671.0,pKI,8.522878745280337,NM,C[C@H]1COCCN1c2nc(nc3c2COC3(C)C)c4ccc(NC(=O)NC5COC5)cc4
CHEMBL3681179,BCLLEOJYENBBDN-UHFFFAOYSA-N,,,P42345,SERINE/THREONINE-PROTEIN KINASE MTOR,MTOR,,pKI,8.246416941107093,NM,CN1CCC(CC1)N2C(=O)N(C)c3cnc4ccc(nc4c23)c5cnc6[nH]ncc6c5
CHEMBL3681069,BDQITZJMEBESBV-UHFFFAOYSA-N,,,P42345,SERINE/THREONINE-PROTEIN KINASE MTOR,MTOR,,pKI,7.906578314837765,NM,COC(=O)N1CCC(CC1)N2C(=O)N(C)c3cnc4ccc(nc4c23)c5cnc6ccccc6c5
CHEMBL2387080,BEUQXVWXFDOSAQ-UHFFFAOYSA-N,TASELISIB,,P42345,SERINE/THREONINE-PROTEIN KINASE MTOR,MTOR,23662903.0,pKI,5.920818753952375,NM,CC(C)n1nc(C)nc1c2cn3CCOc4cc(ccc4c3n2)c5cnn(c5)C(C)(C)C(=O)N
CHEMBL2181526,BHQVZJBRLXMAGL-HNNXBMFYSA-N,,,P42345,SERINE/THREONINE-PROTEIN KINASE MTOR,MTOR,23199076.0,pKI,8.455931955649724,NM,CCNC(=O)Nc1ccc(cc1)c2nc3CN(CCc3c(n2)N4CCOC[C@@H]4C)c5nc(C)ns5
CHEMBL2418342,BMYYRZJOFRYFQF-UHFFFAOYSA-N,,,P42345,SERINE/THREONINE-PROTEIN KINASE MTOR,MTOR,23932790.0,pKI,6.823908740944319,NM,CCNC(=O)Nc1ccc(cc1)c2nc(N3CCOCC3)c4c(ncn4C)n2
CHEMBL1940250,BPVKBARHCLRGKI-DYESRHJHSA-N,,,P42345,SERINE/THREONINE-PROTEIN KINASE MTOR,MTOR,22040023.0,pKI,5.6777807052660805,NM,CC(C)n1cc(C(=O)c2cncc(N[C@@H]3CCN[C@@H]3c4ccc(F)cc4)n2)c5c(N)ncnc15
CHEMBL3681172,BQFCMZRCBOMMDE-UHFFFAOYSA-N,,,P42345,SERINE/THREONINE-PROTEIN KINASE MTOR,MTOR,,pKI,8.752026733638193,NM,CN1C(=O)N(C2CCN(CC2)C(=O)CO)c3c1cnc4ccc(nc34)c5ccnc6[nH]ncc56
CHEMBL1090599,BQIFXGYWHHKPCK-UHFFFAOYSA-N,,,P42345,SERINE/THREONINE-PROTEIN KINASE MTOR,MTOR,20346656.0,pKI,7.301029995663981,NM,CN(Cc1cc2nc(nc(N3CCOCC3)c2s1)c4cnc(N)nc4)C(=O)C
CHEMBL3681150,BQPUXKTVCMVYHE-UHFFFAOYSA-N,,,P42345,SERINE/THREONINE-PROTEIN KINASE MTOR,MTOR,,pKI,6.640164517660112,NM,COc1ncc(cn1)c2ccc3ncc4N(CCO)C(=O)N(C5CCOCC5)c4c3n2
CHEMBL2178606,BRCOIQMZYMWNIS-UHFFFAOYSA-N,,,P42345,SERINE/THREONINE-PROTEIN KINASE MTOR,MTOR,22946614.0,pKI,8.0,NM,COC(C)(C)c1cc2nc(nc(N3CCOCC3)c2s1)c4cnc(N)nc4
CHEMBL1774355,BTHZAHIZMRYHOX-AWEZNQCLSA-N,,,P42345,SERINE/THREONINE-PROTEIN KINASE MTOR,MTOR,21495671.0,pKI,8.795880017344075,NM,C[C@H]1COCCN1c2nc(nc3c2COC3(C)C)c4ccc(NC(=O)NCCO)cc4
CHEMBL2063758,BVSJXRHPGPVNHX-CYBMUJFWSA-N,,,P42345,SERINE/THREONINE-PROTEIN KINASE MTOR,MTOR,22765900.0,pKI,6.920818753952375,NM,CCNC(=O)Nc1ccc(cc1)c2nc3CCS(=O)(=O)c3c(n2)N4CCOC[C@H]4C
CHEMBL3681103,BYCVGFYVNZPDJW-JOCQHMNTSA-N,,,P42345,SERINE/THREONINE-PROTEIN KINASE MTOR,MTOR,,pKI,9.6903698325741,NM,CN1C(=O)N([C@@H]2CC[C@@H](O)CC2)c3c1cnc4ccc(nc34)c5cn[nH]c5
CHEMBL3681080,BZRKTLGOTQBGHQ-UHFFFAOYSA-N,,,P42345,SERINE/THREONINE-PROTEIN KINASE MTOR,MTOR,,pKI,7.749579997691106,NM,COc1ccc(cn1)c2ccc3ncc4N(C)C(=O)N(C5CCN(CC5)C(C)C)c4c3n2
CHEMBL3681146,BZYJPJFUORKISX-UHFFFAOYSA-N,,,P42345,SERINE/THREONINE-PROTEIN KINASE MTOR,MTOR,,pKI,6.665546248849069,NM,Cn1cc(cn1)c2ccc3ncc4N(CCO)C(=O)N(C5CCOCC5)c4c3n2
CHEMBL1091979,CFPCFVBFTMZGKT-UHFFFAOYSA-N,,,P42345,SERINE/THREONINE-PROTEIN KINASE MTOR,MTOR,20346656.0,pKI,7.522878745280337,NM,CN(Cc1sc2c(nc(nc2c1C)c3cnc(N)nc3)N4CCOCC4)C(=O)C
CHEMBL2063760,CHANNKWYSHJTBZ-IYBDPMFKSA-N,,,P42345,SERINE/THREONINE-PROTEIN KINASE MTOR,MTOR,22765900.0,pKI,8.154901959985743,NM,CCNC(=O)Nc1ccc(cc1)c2nc3CS(=O)(=O)Cc3c(n2)N4C[C@H]5CC[C@@H](C4)O5
CHEMBL3681169,CHFONHSNLYFYPA-UHFFFAOYSA-N,,,P42345,SERINE/THREONINE-PROTEIN KINASE MTOR,MTOR,,pKI,8.31695296176115,NM,CN1C(=O)N(C2CCN(CC2)C(=O)C)c3c1cnc4ccc(nc34)c5cccc(c5)n6cccn6
CHEMBL3681136,CJZBLYPPXFPDIA-UHFFFAOYSA-N,,,P42345,SERINE/THREONINE-PROTEIN KINASE MTOR,MTOR,,pKI,8.94692155651658,NM,CN1C(=O)N(C2CCOCC2)c3c1cnc4ccc(nc34)c5cnc(N)nc5
CHEMBL2057725,CKLJHQGTKDVDQX-UHFFFAOYSA-N,,,P42345,SERINE/THREONINE-PROTEIN KINASE MTOR,MTOR,22749419.0,pKI,6.847711655616943,NM,COc1ccc(cn1)C2=Cc3c(C)nc(N)nc3N(C4CCCC4)C2=O
CHEMBL2057725,CKLJHQGTKDVDQX-UHFFFAOYSA-N,,,P42345,SERINE/THREONINE-PROTEIN KINASE MTOR,MTOR,,pKI,6.698970004336019,NM,COc1ccc(cn1)C2=Cc3c(C)nc(N)nc3N(C4CCCC4)C2=O
CHEMBL1774359,CKXMXCVNUVLVAU-WMLDXEAASA-N,,,P42345,SERINE/THREONINE-PROTEIN KINASE MTOR,MTOR,21495671.0,pKI,8.443697499232712,NM,C[C@H]1COCCN1c2nc(nc3c2COC3(C)C)c4ccc(NC(=O)NC[C@@H](O)CO)cc4
CHEMBL2418354,CLQHPLAUSBFUDC-AWEZNQCLSA-N,,,P42345,SERINE/THREONINE-PROTEIN KINASE MTOR,MTOR,23932790.0,pKI,8.154901959985743,NM,CCNC(=O)Nc1ccc(cc1)c2nc(N3CCOC[C@@H]3C)c4nc(n(C)c4n2)C(C)(C)O
CHEMBL1258792,CMZBOXXWEBRAOY-UHFFFAOYSA-N,,,P42345,SERINE/THREONINE-PROTEIN KINASE MTOR,MTOR,20817449.0,pKI,6.023650020996727,NM,COc1cc(ccn1)C2=Nc3c(C)nc(N)nc3N(C(C)C)C2=O
CHEMBL3681177,CRGQBIGNXMYDSX-UHFFFAOYSA-N,,,P42345,SERINE/THREONINE-PROTEIN KINASE MTOR,MTOR,,pKI,9.181774106386044,NM,CN1C(=O)N(C2CCN(CC2)C(=O)C(C)(C)O)c3c1cnc4ccc(nc34)c5cnc6[nH]ncc6c5
CHEMBL1668279,CSRASQPNXGJFFI-UHFFFAOYSA-N,,,P42345,SERINE/THREONINE-PROTEIN KINASE MTOR,MTOR,21269826.0,pKI,7.075720713938118,NM,Cc1cc(C(=O)Nc2cn[nH]c2)c3nc(C)nc(N)c3c1
CHEMBL3681127,CSUPQVRWQHEDEW-UHFFFAOYSA-N,,,P42345,SERINE/THREONINE-PROTEIN KINASE MTOR,MTOR,,pKI,8.192464971931146,NM,COc1ncc(cn1)c2ccc3ncc4N(C)C(=O)N(C5CCOCC5)c4c3n2
CHEMBL3681160,CWSCKWGKRCMORG-SHTZXODSSA-N,,,P42345,SERINE/THREONINE-PROTEIN KINASE MTOR,MTOR,,pKI,9.393618634889394,NM,CN1C(=O)N([C@@H]2CC[C@@H](O)CC2)c3c1cnc4ccc(nc34)c5cccc6[nH]ccc56
CHEMBL3681083,CYLRJIMWCUJTBH-UHFFFAOYSA-N,,,P42345,SERINE/THREONINE-PROTEIN KINASE MTOR,MTOR,,pKI,8.111259039317108,NM,COc1ccc(cn1)c2ccc3ncc4N(C)C(=O)N(C5CCOCC5)c4c3n2
CHEMBL3681132,CZBHWKXRLDJYIN-UHFFFAOYSA-N,,,P42345,SERINE/THREONINE-PROTEIN KINASE MTOR,MTOR,,pKI,8.092051478387727,NM,COCCN1CCC(CC1)N2C(=O)N(C)c3cnc4ccc(nc4c23)c5ccc(nc5)N(C)C
CHEMBL3681095,DBDFQJQWQAVATL-ZDUSSCGKSA-N,,,P42345,SERINE/THREONINE-PROTEIN KINASE MTOR,MTOR,,pKI,9.08512818245995,NM,COc1ncc(cn1)c2ccc3ncc4N(C)C(=O)N(C5CCN(CC5)C(=O)[C@H](C)O)c4c3n2
CHEMBL3681123,DCTZFRMQHDYKOF-UHFFFAOYSA-N,,,P42345,SERINE/THREONINE-PROTEIN KINASE MTOR,MTOR,,pKI,9.35261702988538,NM,CN(C)c1ccc(cn1)c2ccc3ncc4N(C)C(=O)N(C5CCN(CC5)C(=O)N)c4c3n2
CHEMBL2331688,DEQRJEPSLGPYFN-INIZCTEOSA-N,,,P42345,SERINE/THREONINE-PROTEIN KINASE MTOR,MTOR,,pKI,8.494850021680094,NM,CCNC(=O)Nc1ccc(cc1)c2nc3CN(CCc3c(n2)N4CCOC[C@@H]4C)c5ncc(F)cn5
CHEMBL2418349,DFFHBQFOKXDZFK-INIZCTEOSA-N,,,P42345,SERINE/THREONINE-PROTEIN KINASE MTOR,MTOR,23932790.0,pKI,9.0,NM,CCNC(=O)Nc1ccc(cc1)c2nc(N3CCOC[C@@H]3CC)c4c(cnn4C)n2
CHEMBL3681158,DGBLDDRCUIKCIY-CYBMUJFWSA-N,,,P42345,SERINE/THREONINE-PROTEIN KINASE MTOR,MTOR,,pKI,8.016373712875465,NM,C[C@H](CO)N1C(=O)N(C)c2cnc3ccc(nc3c12)c4cnc5ccccc5c4
CHEMBL2181528,DGSJRYABRBQXGS-UHFFFAOYSA-N,,,P42345,SERINE/THREONINE-PROTEIN KINASE MTOR,MTOR,23199076.0,pKI,8.292429823902063,NM,CCNC(=O)Nc1ccc(cc1)c2nc3CN(Cc3c(n2)N4CCOCC4)C(=O)NCC
CHEMBL2331683,DKLNXNDBZAPKFH-UHFFFAOYSA-N,,,P42345,SERINE/THREONINE-PROTEIN KINASE MTOR,MTOR,,pKI,6.657577319177793,NM,C1CN(CCO1)c2nc(nc3CN(CCc23)c4ncccn4)c5ccc(Nc6ncccn6)cc5
CHEMBL1083192,DKVYWIZHXFHHNQ-UHFFFAOYSA-N,,,P42345,SERINE/THREONINE-PROTEIN KINASE MTOR,MTOR,20346656.0,pKI,7.5376020021010435,NM,CS(=O)(=O)N1CCN(Cc2cc3nc(nc(N4CCOCC4)c3s2)c5cnc(N)nc5)CC1
CHEMBL1083192,DKVYWIZHXFHHNQ-UHFFFAOYSA-N,,,P42345,SERINE/THREONINE-PROTEIN KINASE MTOR,MTOR,21981714.0,pKI,7.5376020021010435,NM,CS(=O)(=O)N1CCN(Cc2cc3nc(nc(N4CCOCC4)c3s2)c5cnc(N)nc5)CC1
CHEMBL3681102,DOBJOKJSJXZIOT-UHFFFAOYSA-N,,,P42345,SERINE/THREONINE-PROTEIN KINASE MTOR,MTOR,,pKI,7.7544873321858505,NM,CN1C(=O)N(C2CCN(CCO)CC2)c3c1cnc4ccc(nc34)c5ccc(C)nc5
CHEMBL1257653,DSBJBOOMYLWTSO-UHFFFAOYSA-N,,,P42345,SERINE/THREONINE-PROTEIN KINASE MTOR,MTOR,20822905.0,pKI,5.0,NM,Cn1ncc2c(Oc3ccc(cc3)S(=O)(=O)C)cc(nc12)c4cccc5[nH]ncc45
CHEMBL2331667,DTPFVQJDLZXQAV-UHFFFAOYSA-N,,,P42345,SERINE/THREONINE-PROTEIN KINASE MTOR,MTOR,,pKI,8.872895201635192,NM,CN1C(=O)N(C2CCN(CC2)C(=O)C)c3c1cnc4ccc(nc34)c5cccc6[nH]ncc56
CHEMBL2331667,DTPFVQJDLZXQAV-UHFFFAOYSA-N,,,P42345,SERINE/THREONINE-PROTEIN KINASE MTOR,MTOR,,pKI,8.809668301829708,NM,CN1C(=O)N(C2CCN(CC2)C(=O)C)c3c1cnc4ccc(nc34)c5cccc6[nH]ncc56
CHEMBL2331558,DVGJQKJHFIBNOB-SFHVURJKSA-N,,,P42345,SERINE/THREONINE-PROTEIN KINASE MTOR,MTOR,,pKI,8.318758762624412,NM,CCNC(=O)Nc1ccc(cc1)c2nc3CN(CCc3c(n2)N4CCOC[C@@H]4C)C5CCCC5
CHEMBL2181525,FAUUWGBRPQXEOZ-KRWDZBQOSA-N,,,P42345,SERINE/THREONINE-PROTEIN KINASE MTOR,MTOR,23199076.0,pKI,8.853871964321762,NM,CCNC(=O)Nc1ccc(cc1)c2nc3CN(CCc3c(n2)N4CCOC[C@@H]4C)c5cccnn5
CHEMBL2418352,FDDKQQRYIKXUCV-UHFFFAOYSA-N,,,P42345,SERINE/THREONINE-PROTEIN KINASE MTOR,MTOR,23932790.0,pKI,7.142667503568731,NM,CC(C)(O)c1nc2c(nc(nc2n1CCO)c3cnc(N)nc3)N4CCOCC4
CHEMBL3681121,FDWYRWDMLCDEJO-UHFFFAOYSA-N,,,P42345,SERINE/THREONINE-PROTEIN KINASE MTOR,MTOR,,pKI,8.76447155309245,NM,CN(C)c1ccc(cn1)c2ccc3ncc4N(C)C(=O)N(C5CCN(CC5)C(=O)C)c4c3n2
CHEMBL1258910,FDYCDLMAMJYKQV-WKILWMFISA-N,,,P42345,SERINE/THREONINE-PROTEIN KINASE MTOR,MTOR,20817449.0,pKI,8.291579099865288,NM,Cc1ccc(cn1)C2=Nc3c(C)nc(N)nc3N([C@@H]4CC[C@H](CC4)OCCO)C2=O
CHEMBL3218402,FETTYQBQNFSCDZ-HDJSIYSDSA-N,,,P42345,SERINE/THREONINE-PROTEIN KINASE MTOR,MTOR,,pKI,7.769551078621726,NM,COc1ccc(cn1)C2=Cc3c(C)nc(N)nc3N([C@@H]4CC[C@@H](O)CC4)C2=O
CHEMBL3218403,FETTYQBQNFSCDZ-OKILXGFUSA-N,,,P42345,SERINE/THREONINE-PROTEIN KINASE MTOR,MTOR,,pKI,7.045757490560675,NM,COc1ccc(cn1)C2=Cc3c(C)nc(N)nc3N([C@@H]4CC[C@H](O)CC4)C2=O
CHEMBL3681141,FHPOLGKZSQRHER-UHFFFAOYSA-N,,,P42345,SERINE/THREONINE-PROTEIN KINASE MTOR,MTOR,,pKI,7.657577319177793,NM,CN1C(=O)N(C2CCN(CC2)C(=O)C(C)(C)O)c3c1cnc4ccc(nc34)c5cnn(C)c5
CHEMBL1257177,FICWXAPOGIEJJR-JOCQHMNTSA-N,,,P42345,SERINE/THREONINE-PROTEIN KINASE MTOR,MTOR,20817449.0,pKI,8.167491087293763,NM,COc1ccc(cn1)C2=Nc3c(C)nc(N)nc3N([C@@H]4CC[C@@H](O)CC4)C2=O
CHEMBL3681117,FIEGXTNREZBMGI-UHFFFAOYSA-N,,,P42345,SERINE/THREONINE-PROTEIN KINASE MTOR,MTOR,,pKI,8.42712839779952,NM,COc1ncc(cn1)c2ccc3ncc4N(C)C(=O)N(C5CCN(CC5)C(=O)C)c4c3n2
CHEMBL2181656,FIPDNVBPIVBENA-UHFFFAOYSA-N,,,P42345,SERINE/THREONINE-PROTEIN KINASE MTOR,MTOR,23199076.0,pKI,7.6777807052660805,NM,CCNC(=O)Nc1ccc(cc1)c2nc3CN(CCc3c(n2)N4CCOCC4)S(=O)(=O)C
CHEMBL1774368,FJBREUFAQWYZQP-NXMSCROESA-N,,,P42345,SERINE/THREONINE-PROTEIN KINASE MTOR,MTOR,21495671.0,pKI,9.0,NM,CCNC(=O)Nc1ccc(cc1)c2nc(N3C[C@H]4CC[C@@H](C3)O4)c5CO[C@](C)(CCO)c5n2
CHEMBL1774365,FJBREUFAQWYZQP-RHGYRFJNSA-N,,,P42345,SERINE/THREONINE-PROTEIN KINASE MTOR,MTOR,21495671.0,pKI,9.18045606445813,NM,CCNC(=O)Nc1ccc(cc1)c2nc(N3C[C@H]4CC[C@@H](C3)O4)c5CO[C@@](C)(CCO)c5n2
CHEMBL2331668,FQDRPOULRUASJV-UHFFFAOYSA-N,,,P42345,SERINE/THREONINE-PROTEIN KINASE MTOR,MTOR,,pKI,9.614393726401687,NM,CN1C(=O)N(C2CCN(CC2)C(=O)C)c3c1cnc4ccc(nc34)c5cnc6[nH]ncc6c5
CHEMBL2331668,FQDRPOULRUASJV-UHFFFAOYSA-N,,,P42345,SERINE/THREONINE-PROTEIN KINASE MTOR,MTOR,,pKI,9.614393726401687,NM,CN1C(=O)N(C2CCN(CC2)C(=O)C)c3c1cnc4ccc(nc34)c5cnc6[nH]ncc6c5
CHEMBL2331658,FSVNGKNQJXMWJY-QAQDUYKDSA-N,,,P42345,SERINE/THREONINE-PROTEIN KINASE MTOR,MTOR,,pKI,8.326979092871104,NM,COc1ccc(cn1)c2ccc3ncc4N(C)C(=O)N([C@@H]5CC[C@H](CC5)OCCO)c4c3n2
CHEMBL2331658,FSVNGKNQJXMWJY-QAQDUYKDSA-N,,,P42345,SERINE/THREONINE-PROTEIN KINASE MTOR,MTOR,,pKI,8.326979092871104,NM,COc1ccc(cn1)c2ccc3ncc4N(C)C(=O)N([C@@H]5CC[C@H](CC5)OCCO)c4c3n2
CHEMBL2376092,FWRJSVJUWJBVFB-BETUJISGSA-N,,,P42345,SERINE/THREONINE-PROTEIN KINASE MTOR,MTOR,23506825.0,pKI,8.1249387366083,NM,Cc1nc(N)nc2N([C@@H]3CC[C@@H](CC3)OCO)C(=O)C(=Cc12)c4cn[nH]c4
CHEMBL2375967,FWRJSVJUWJBVFB-JOCQHMNTSA-N,,,P42345,SERINE/THREONINE-PROTEIN KINASE MTOR,MTOR,23506825.0,pKI,8.667561540084394,NM,Cc1nc(N)nc2N([C@@H]3CC[C@H](CC3)OCO)C(=O)C(=Cc12)c4cn[nH]c4
CHEMBL2181655,FYENGIZLDIXPSB-UHFFFAOYSA-N,,,P42345,SERINE/THREONINE-PROTEIN KINASE MTOR,MTOR,23199076.0,pKI,7.920818753952375,NM,CCNC(=O)Nc1ccc(cc1)c2nc3CN(CCc3c(n2)N4CCOCC4)C(=O)OC(C)(C)C
CHEMBL2376096,FYGAMXOBXPHZMN-SHTZXODSSA-N,,,P42345,SERINE/THREONINE-PROTEIN KINASE MTOR,MTOR,23506825.0,pKI,8.063989204284791,NM,COc1ccc(cn1)C2=Cc3c(C)nc(N)nc3N([C@@H]4CC[C@H](CC4)OCC(=O)O)C2=O
CHEMBL2331664,GACQNUHFDBEIQH-HNNXBMFYSA-N,PF-04979064,,P42345,SERINE/THREONINE-PROTEIN KINASE MTOR,MTOR,,pKI,8.85078088734462,NM,C[C@H](O)C(=O)N1CCC(CC1)N2C(=O)N(C)c3cnc4ccc(nc4c23)c5ccc(C)nc5
CHEMBL2331664,GACQNUHFDBEIQH-HNNXBMFYSA-N,PF-04979064,,P42345,SERINE/THREONINE-PROTEIN KINASE MTOR,MTOR,,pKI,8.847711655616944,NM,C[C@H](O)C(=O)N1CCC(CC1)N2C(=O)N(C)c3cnc4ccc(nc4c23)c5ccc(C)nc5
CHEMBL2181657,GAIJXTJKNCULPJ-UHFFFAOYSA-N,,,P42345,SERINE/THREONINE-PROTEIN KINASE MTOR,MTOR,23199076.0,pKI,7.920818753952375,NM,CCNC(=O)Nc1ccc(cc1)c2nc3CN(CCc3c(n2)N4CCOCC4)C(=O)OC
CHEMBL1668277,GBDPQXWRBIUFBS-UHFFFAOYSA-N,,,P42345,SERINE/THREONINE-PROTEIN KINASE MTOR,MTOR,21269826.0,pKI,7.769551078621726,NM,Cc1cc(C(=O)Nc2cnc3[nH]ccc3c2)c4nc(C)nc(N)c4c1
CHEMBL1090601,GBHDCSZQCFDEEU-UHFFFAOYSA-N,,,P42345,SERINE/THREONINE-PROTEIN KINASE MTOR,MTOR,20346656.0,pKI,8.301029995663981,NM,CS(=O)(=O)c1cccc(c1)c2cc3nc(nc(N4CCOCC4)c3s2)c5cnc(N)nc5
CHEMBL1940248,GBNXVWADDOZSLG-VGOFRKELSA-N,,,P42345,SERINE/THREONINE-PROTEIN KINASE MTOR,MTOR,22040023.0,pKI,5.4089353929735005,NM,CC(C)n1cc(C(=O)c2cncc(N[C@@H]3CCO[C@@H]3c4ccc(F)cc4)n2)c5c(N)ncnc15
CHEMBL3681122,GEFIJVBUAHDDEM-UHFFFAOYSA-N,,,P42345,SERINE/THREONINE-PROTEIN KINASE MTOR,MTOR,,pKI,8.521433504406156,NM,CNC(=O)N1CCC(CC1)N2C(=O)N(C)c3cnc4ccc(nc4c23)c5ccc(nc5)N(C)C
CHEMBL3681120,GGPTUXLMOLCPJR-QAQDUYKDSA-N,,,P42345,SERINE/THREONINE-PROTEIN KINASE MTOR,MTOR,,pKI,8.47755576649368,NM,N[C@@H]1CC[C@H](CC1)N2C(=O)Nc3cnc4ccc(nc4c23)c5cnc6ccccc6c5
CHEMBL1774375,GHEIKGPPFOPOIX-FPTDNZKUSA-N,,,P42345,SERINE/THREONINE-PROTEIN KINASE MTOR,MTOR,21495671.0,pKI,8.769551078621726,NM,CCNC(=O)Nc1ccc(cc1)c2nc(N3CCOC[C@@H]3C)c4CO[C@@](C)(CO)c4n2
CHEMBL1774377,GHEIKGPPFOPOIX-RCDICMHDSA-N,,,P42345,SERINE/THREONINE-PROTEIN KINASE MTOR,MTOR,21495671.0,pKI,8.167491087293763,NM,CCNC(=O)Nc1ccc(cc1)c2nc(N3CCOC[C@@H]3C)c4CO[C@](C)(CO)c4n2
CHEMBL2334760,GKVOTXQBCIYYJV-INIZCTEOSA-N,6-AZA-THQ,,P42345,SERINE/THREONINE-PROTEIN KINASE MTOR,MTOR,23473235.0,pKI,7.7447274948966935,NM,CCNC(=O)Nc1ccc(cc1)c2nc3CCN(Cc3c(n2)N4CCOC[C@@H]4C)C5COC5
CHEMBL3681074,GNXZUOBKPLODBE-UHFFFAOYSA-N,,,P42345,SERINE/THREONINE-PROTEIN KINASE MTOR,MTOR,,pKI,8.366531544420413,NM,CCOC(=O)N1CCC(CC1)N2C(=O)N(C)c3cnc4ccc(nc4c23)c5cnc6ccccc6c5
CHEMBL3681135,GOHCMOZSNPQMKB-UHFFFAOYSA-N,,,P42345,SERINE/THREONINE-PROTEIN KINASE MTOR,MTOR,,pKI,8.214670164989233,NM,CN(C)c1ccc(cn1)c2ccc3ncc4N(C)C(=O)N(C5CCN(CC5)C(=O)C(C)(C)O)c4c3n2
CHEMBL2181661,GONDQBGXBXPIQL-UHFFFAOYSA-N,,,P42345,SERINE/THREONINE-PROTEIN KINASE MTOR,MTOR,23199076.0,pKI,8.259637310505756,NM,CCNC(=O)Nc1ccc(cc1)c2nc3CN(CCc3c(n2)N4CCOCC4)c5ncccn5
CHEMBL2181661,GONDQBGXBXPIQL-UHFFFAOYSA-N,,,P42345,SERINE/THREONINE-PROTEIN KINASE MTOR,MTOR,,pKI,8.259637310505756,NM,CCNC(=O)Nc1ccc(cc1)c2nc3CN(CCc3c(n2)N4CCOCC4)c5ncccn5
CHEMBL2334766,GOWCQHQTMSIPRR-NBHGPNQESA-N,,,P42345,SERINE/THREONINE-PROTEIN KINASE MTOR,MTOR,23473235.0,pKI,8.67778070526608,NM,CCNC(=O)Nc1ccc(cc1)c2nc3[C@H]4CC[C@@H](Cc3c(n2)N5CCOC[C@@H]5C)N4C(=O)COC
CHEMBL2375959,GRHRLQVZBUMCGW-HDICACEKSA-N,,,P42345,SERINE/THREONINE-PROTEIN KINASE MTOR,MTOR,23506825.0,pKI,7.318758762624412,NM,Cc1nc(N)nc2N([C@@H]3CC[C@@H](CC3)OCC(=O)N)C(=O)C(=Cc12)c4cnc5ccccc5c4
CHEMBL2375953,GRHRLQVZBUMCGW-IYARVYRRSA-N,,,P42345,SERINE/THREONINE-PROTEIN KINASE MTOR,MTOR,23506825.0,pKI,8.040958607678906,NM,Cc1nc(N)nc2N([C@@H]3CC[C@H](CC3)OCC(=O)N)C(=O)C(=Cc12)c4cnc5ccccc5c4
CHEMBL3681068,GSPVKUMDTYLXJU-UHFFFAOYSA-N,,,P42345,SERINE/THREONINE-PROTEIN KINASE MTOR,MTOR,,pKI,8.102372908709558,NM,CCC(=O)N1CCC(CC1)N2C(=O)N(C)c3cnc4ccc(nc4c23)c5cnc6ccccc6c5
CHEMBL3545097,GYLDXIAOMVERTK-UHFFFAOYSA-N,MLN-0128,,P42346,SERINE/THREONINE-PROTEIN KINASE MTOR,MTOR,22367541.0,pKI,8.853871964321762,NM,CC(C)n1nc(c2ccc3oc(N)nc3c2)c4c(N)ncnc14
CHEMBL3681167,GYRKINABGRSUGW-UHFFFAOYSA-N,,,P42345,SERINE/THREONINE-PROTEIN KINASE MTOR,MTOR,,pKI,8.692503962086787,NM,CNC(=O)Nc1ccc(cc1)c2ccc3ncc4N(C)C(=O)N(C5CCN(CC5)C(=O)CO)c4c3n2
CHEMBL3681159,HAAVOSWDSNVENC-SECBINFHSA-N,,,P42345,SERINE/THREONINE-PROTEIN KINASE MTOR,MTOR,,pKI,8.15552282425432,NM,C[C@H](CO)N1C(=O)N(C)c2cnc3ccc(nc3c12)c4cnc(N)nc4
CHEMBL2178613,HCOIXYNBLGBZPJ-UHFFFAOYSA-N,,,P42345,SERINE/THREONINE-PROTEIN KINASE MTOR,MTOR,22946614.0,pKI,7.886056647693163,NM,CC1(C)OCCc2c1sc3c(nc(nc23)c4cnc(N)nc4)N5CCOCC5
CHEMBL3681075,HDHZEDXWHVSJGY-UHFFFAOYSA-N,,,P42345,SERINE/THREONINE-PROTEIN KINASE MTOR,MTOR,,pKI,8.012333735073724,NM,CC(C)OC(=O)N1CCC(CC1)N2C(=O)N(C)c3cnc4ccc(nc4c23)c5cnc6ccccc6c5
CHEMBL2331657,HDUSSKFSDZVGIJ-UHFFFAOYSA-N,,,P42345,SERINE/THREONINE-PROTEIN KINASE MTOR,MTOR,,pKI,8.34582345812204,NM,COc1ccc(cn1)c2ccc3ncc4N(C)C(=O)N(c5ccc(cc5)C(C)(C)C#N)c4c3n2
CHEMBL2181660,HFEWHYSZZPFSCA-UHFFFAOYSA-N,,,P42345,SERINE/THREONINE-PROTEIN KINASE MTOR,MTOR,23199076.0,pKI,6.886056647693163,NM,CCOC(=O)Nc1ccc(cc1)c2nc3CN(CCc3c(n2)N4CCOCC4)C(=O)c5ccccc5
CHEMBL2375966,HFFRBNFVPWVIBS-HDJSIYSDSA-N,,,P42345,SERINE/THREONINE-PROTEIN KINASE MTOR,MTOR,23506825.0,pKI,7.709965388637482,NM,Cc1nc(N)nc2N([C@@H]3CC[C@H](CC3)OCO)C(=O)C(=Cc12)c4cnn(C)c4
CHEMBL2375970,HFFRBNFVPWVIBS-OKILXGFUSA-N,,,P42345,SERINE/THREONINE-PROTEIN KINASE MTOR,MTOR,23506825.0,pKI,7.338187314462739,NM,Cc1nc(N)nc2N([C@@H]3CC[C@@H](CC3)OCO)C(=O)C(=Cc12)c4cnn(C)c4
CHEMBL1257178,HGBAUBFPJYKLQG-UHFFFAOYSA-N,,,P42345,SERINE/THREONINE-PROTEIN KINASE MTOR,MTOR,20817449.0,pKI,8.301029995663981,NM,Cc1ccc(cn1)C2=Nc3c(C)nc(N)nc3N(C4CCOCC4)C2=O
CHEMBL1668274,HIZGYFOCXKUCTJ-UHFFFAOYSA-N,,,P42345,SERINE/THREONINE-PROTEIN KINASE MTOR,MTOR,21269826.0,pKI,6.790484985457369,NM,CN(C)c1ccc(NC(=O)c2cc(C)cc3c(N)nc(C)nc23)cn1
CHEMBL3681100,HJEAAYNELPFMHP-CTYIDZIISA-N,,,P42345,SERINE/THREONINE-PROTEIN KINASE MTOR,MTOR,,pKI,7.853871964321762,NM,CN1C(=O)N([C@@H]2CC[C@H](CC2)C(=O)N)c3c1cnc4ccc(nc34)c5cnn(CCO)c5
CHEMBL1774376,HKBAWZUANVEEQO-NRFANRHFSA-N,,,P42345,SERINE/THREONINE-PROTEIN KINASE MTOR,MTOR,21495671.0,pKI,8.356547323513812,NM,CCNC(=O)Nc1ccc(cc1)c2nc(N3CCOCC3)c4CO[C@@](C)(CO)c4n2
CHEMBL1774378,HKBAWZUANVEEQO-OAQYLSRUSA-N,,,P42345,SERINE/THREONINE-PROTEIN KINASE MTOR,MTOR,21495671.0,pKI,7.6777807052660805,NM,CCNC(=O)Nc1ccc(cc1)c2nc(N3CCOCC3)c4CO[C@](C)(CO)c4n2
CHEMBL3681190,HLENCPWDVNHNST-HNNXBMFYSA-N,,,P42345,SERINE/THREONINE-PROTEIN KINASE MTOR,MTOR,,pKI,8.070070439915412,NM,COc1cccc(c1)c2ccc3ncc4N(C)C(=O)N(C5CCN(CC5)C(=O)[C@H](C)O)c4c3n2
CHEMBL2331665,HLUSJQCZTNOZHI-UHFFFAOYSA-N,,,P42345,SERINE/THREONINE-PROTEIN KINASE MTOR,MTOR,,pKI,7.732828271596986,NM,CN1C(=O)N(C2CCN(CC2)C(=O)C(C)(C)O)c3c1cnc4ccc(nc34)c5ccc(C)nc5
CHEMBL2331665,HLUSJQCZTNOZHI-UHFFFAOYSA-N,,,P42345,SERINE/THREONINE-PROTEIN KINASE MTOR,MTOR,,pKI,7.732828271596986,NM,CN1C(=O)N(C2CCN(CC2)C(=O)C(C)(C)O)c3c1cnc4ccc(nc34)c5ccc(C)nc5
CHEMBL2181530,HMKOBOLUIOUHOS-KRWDZBQOSA-N,,,P42345,SERINE/THREONINE-PROTEIN KINASE MTOR,MTOR,23199076.0,pKI,7.920818753952375,NM,CCNC(=O)Nc1ccc(cc1)c2nc3CCN(Cc3c(n2)N4CCOC[C@@H]4C)C(=O)OC(C)(C)C
CHEMBL2418337,HMPQQYCOBUJYSG-ZDUSSCGKSA-N,,,P42345,SERINE/THREONINE-PROTEIN KINASE MTOR,MTOR,23932790.0,pKI,7.920818753952375,NM,CCNC(=O)Nc1ccc(cc1)c2nc(N3CCOC[C@@H]3C)c4ncn(C)c4n2
CHEMBL3681178,HNHGXYRBEMGQQH-UHFFFAOYSA-N,,,P42345,SERINE/THREONINE-PROTEIN KINASE MTOR,MTOR,,pKI,8.391473966422806,NM,CN1C(=O)N(C2CCN(CC2)C(=O)CO)c3c1cnc4ccc(nc34)c5cnc6[nH]ncc6c5
CHEMBL1774352,HQTQDAGTXZUDOH-UHFFFAOYSA-N,,,P42345,SERINE/THREONINE-PROTEIN KINASE MTOR,MTOR,21495671.0,pKI,8.221848749616356,NM,CCNC(=O)Nc1ccc(cc1)c2nc3COCc3c(n2)N4CCOCC4
CHEMBL3681076,HSQMFIMBYSLZCY-UHFFFAOYSA-N,,,P42345,SERINE/THREONINE-PROTEIN KINASE MTOR,MTOR,,pKI,8.309803919971486,NM,CN1CCC(CC1)N2C(=O)N(C)c3cnc4ccc(nc4c23)c5cnc6ccccc6c5
CHEMBL2181650,HSTOUIMRKOEGJK-UHFFFAOYSA-N,,,P42345,SERINE/THREONINE-PROTEIN KINASE MTOR,MTOR,23199076.0,pKI,7.769551078621726,NM,CCNC(=O)Nc1ccc(cc1)c2nc3CCN(Cc3c(n2)N4CCOCC4)c5ncccn5
CHEMBL3681082,HXPCGVAFBABYDI-UHFFFAOYSA-N,,,P42345,SERINE/THREONINE-PROTEIN KINASE MTOR,MTOR,,pKI,8.478861916295964,NM,COc1ccc(cn1)c2ccc3ncc4N(C)C(=O)N(C5CCN(CC(=O)N)CC5)c4c3n2
CHEMBL3681145,HYIVRQBEEWRCLQ-UHFFFAOYSA-N,,,P42345,SERINE/THREONINE-PROTEIN KINASE MTOR,MTOR,,pKI,7.3260580013659125,NM,COc1ccc(cn1)c2ccc3ncc4N(CCO)C(=O)N(C5CCOCC5)c4c3n2
CHEMBL1668266,ICOTWOFYQBMZHO-UHFFFAOYSA-N,,,P42345,SERINE/THREONINE-PROTEIN KINASE MTOR,MTOR,21269826.0,pKI,8.522878745280337,NM,Cc1cc(C(=O)Nc2ccn[nH]2)c3nc(C)nc(N)c3c1
CHEMBL2181663,ICPFKVCUIBCOAP-UHFFFAOYSA-N,,,P42345,SERINE/THREONINE-PROTEIN KINASE MTOR,MTOR,23199076.0,pKI,6.913640169325252,NM,CCNC(=O)Nc1ccc(cc1)c2nc3CNCc3c(n2)N4CCOCC4
CHEMBL3681071,IJYRWCXFZVEZEO-UHFFFAOYSA-N,,,P42345,SERINE/THREONINE-PROTEIN KINASE MTOR,MTOR,,pKI,8.393618634889394,NM,CCNC(=O)N1CCC(CC1)N2C(=O)N(C)c3cnc4ccc(nc4c23)c5cnc6ccccc6c5
CHEMBL3681148,IKKOJEXQRLFBRN-UHFFFAOYSA-N,,,P42345,SERINE/THREONINE-PROTEIN KINASE MTOR,MTOR,,pKI,7.300162274132754,NM,CN(C)c1ccc(cn1)c2ccc3ncc4N(CCO)C(=O)N(C5CCOCC5)c4c3n2
CHEMBL1668272,INPIJXDBDSYVCA-UHFFFAOYSA-N,,,P42345,SERINE/THREONINE-PROTEIN KINASE MTOR,MTOR,21269826.0,pKI,6.0,NM,CN(C)c1ccc(NC(=O)c2cccc3c(N)nc(C)nc23)cn1
CHEMBL2418338,IPHNOCGBVIOIIF-AWEZNQCLSA-N,,,P42345,SERINE/THREONINE-PROTEIN KINASE MTOR,MTOR,23932790.0,pKI,7.522878745280337,NM,CCNC(=O)Nc1ccc(cc1)c2nc(N3CCOC[C@@H]3C)c4c(n2)nc(n4C)C(C)(C)O
CHEMBL3681058,IRHSDUBPIFOXGG-UHFFFAOYSA-N,,,P42345,SERINE/THREONINE-PROTEIN KINASE MTOR,MTOR,,pKI,8.044312249686493,NM,COc1ncc(cc1F)c2ccc3ncc4NC(=O)N(c5ccc(cc5)C(C)(C)C#N)c4c3n2
CHEMBL1940246,IRUKUIBQFXFZTM-IEBWSBKVSA-N,,,P42345,SERINE/THREONINE-PROTEIN KINASE MTOR,MTOR,22040023.0,pKI,5.4089353929735005,NM,CC(C)n1cc(C(=O)c2cncc(N[C@@H]3CCC[C@@H]3c4ccc(F)cc4)n2)c5c(N)ncnc15
CHEMBL1922092,IRYPRNBFNRSBFQ-UHFFFAOYSA-N,,,P42345,SERINE/THREONINE-PROTEIN KINASE MTOR,MTOR,21981714.0,pKI,7.853871964321762,NM,Cc1c(CN2CCN(CC2)C(=O)C(C)(C)N)sc3c(nc(nc13)c4cnc(N)nc4)N5CCOCC5
CHEMBL3681154,ITCPHICQZLTGMF-JOCQHMNTSA-N,,,P42345,SERINE/THREONINE-PROTEIN KINASE MTOR,MTOR,,pKI,9.481486060122112,NM,CN1C(=O)N([C@@H]2CC[C@@H](O)CC2)c3c1cnc4ccc(nc34)c5cnc(N)nc5
CHEMBL3681184,IVCZYXCKEYXMLR-UHFFFAOYSA-N,,,P42345,SERINE/THREONINE-PROTEIN KINASE MTOR,MTOR,,pKI,7.555955204081924,NM,COc1ccc(cn1)c2ccc3ncc4N(C)C(=O)N(CCN5CCOCC5)c4c3n2
CHEMBL2063752,IYGRPQSJSHUJLP-CYBMUJFWSA-N,,,P42345,SERINE/THREONINE-PROTEIN KINASE MTOR,MTOR,22765900.0,pKI,7.886056647693163,NM,CCNC(=O)Nc1ccc(cc1)c2nc3CS(=O)(=O)Cc3c(n2)N4CCOC[C@H]4C
CHEMBL2063753,IYGRPQSJSHUJLP-ZDUSSCGKSA-N,,,P42345,SERINE/THREONINE-PROTEIN KINASE MTOR,MTOR,22765900.0,pKI,7.823908740944319,NM,CCNC(=O)Nc1ccc(cc1)c2nc3CS(=O)(=O)Cc3c(n2)N4CCOC[C@@H]4C
CHEMBL1668265,JBGZHQNGVBHRRI-UHFFFAOYSA-N,,,P42345,SERINE/THREONINE-PROTEIN KINASE MTOR,MTOR,21269826.0,pKI,6.007004901568658,NM,Cc1nc(N)c2ccc(C)c(C(=O)Nc3ccn[nH]3)c2n1
CHEMBL3681096,JBLHXBPPTAVQLP-MQMHXKEQSA-N,,,P42345,SERINE/THREONINE-PROTEIN KINASE MTOR,MTOR,,pKI,8.232844133917819,NM,COc1ncc(cn1)c2ccc3ncc4N(C)C(=O)N([C@@H]5CC[C@H](CC5)C(=O)N)c4c3n2
CHEMBL3681126,JBMNBUBDMUJKLS-UHFFFAOYSA-N,,,P42345,SERINE/THREONINE-PROTEIN KINASE MTOR,MTOR,,pKI,8.76447155309245,NM,CN1C(=O)N(C2CCOCC2)c3c1cnc4ccc(nc34)c5ccc(C)nc5
CHEMBL3681130,JCTRGAPFFKRWHE-UHFFFAOYSA-N,,,P42345,SERINE/THREONINE-PROTEIN KINASE MTOR,MTOR,,pKI,7.896196279044043,NM,CN(C)c1ccc(cn1)c2ccc3ncc4N(C)C(=O)N(C5CCOCC5)c4c3n2
CHEMBL3681118,JECCEISTOFCAKU-UHFFFAOYSA-N,,,P42345,SERINE/THREONINE-PROTEIN KINASE MTOR,MTOR,,pKI,7.297569463554475,NM,COc1ncc(cn1)c2ccc3ncc4N(C)C(=O)N(C5CCNCC5)c4c3n2
CHEMBL3681088,JEWYIIZPXAXOBR-UHFFFAOYSA-N,,,P42345,SERINE/THREONINE-PROTEIN KINASE MTOR,MTOR,,pKI,7.876148359032914,NM,CN1C(=O)N(C2CCN(CC2)C(=O)C(C)(C)N)c3c1cnc4ccc(nc34)c5cnc6ccccc6c5
CHEMBL2331660,JEYFVTPEIYKAEC-UHFFFAOYSA-N,,,P42345,SERINE/THREONINE-PROTEIN KINASE MTOR,MTOR,,pKI,7.324221658325915,NM,COc1ccc(cn1)c2ccc3ncc4N(C)C(=O)N(C5CCN(C)CC5)c4c3n2
CHEMBL3681109,JFMAOEQGINOHKN-UHFFFAOYSA-N,,,P42345,SERINE/THREONINE-PROTEIN KINASE MTOR,MTOR,,pKI,8.928117992693874,NM,CN(C)CC(=O)N1CCC(CC1)N2C(=O)N(C)c3cnc4ccc(nc4c23)c5ccc(C)nc5
CHEMBL1258911,JFQAJQVVYSVHIZ-UHFFFAOYSA-N,,,P42345,SERINE/THREONINE-PROTEIN KINASE MTOR,MTOR,20817449.0,pKI,9.096910013008056,NM,Cc1nc(N)nc2N(C3CCOCC3)C(=O)C(=Nc12)c4cc[nH]n4
CHEMBL3681078,JFXLBGOSVVDUOC-WKILWMFISA-N,,,P42345,SERINE/THREONINE-PROTEIN KINASE MTOR,MTOR,,pKI,8.669586226650809,NM,COc1ccc(cn1)c2ccc3ncc4NC(=O)N([C@@H]5CC[C@H](CC5)OCCO)c4c3n2
CHEMBL2331676,JFXLXTLDGUAURJ-SFHVURJKSA-N,,,P42345,SERINE/THREONINE-PROTEIN KINASE MTOR,MTOR,,pKI,8.568636235841012,NM,CCNC(=O)Nc1ccc(cc1)c2nc3CN(CCc3c(n2)N4CCOC[C@@H]4C)c5cc(C)ncn5
CHEMBL1090598,JITYTVFJRHFBSO-UHFFFAOYSA-N,,,P42345,SERINE/THREONINE-PROTEIN KINASE MTOR,MTOR,20346656.0,pKI,8.0,NM,CN(Cc1cc2nc(nc(N3CCOCC3)c2s1)c4cnc(N)nc4)S(=O)(=O)C
CHEMBL3681064,JIVMJJWPCKLBID-UHFFFAOYSA-N,,,P42345,SERINE/THREONINE-PROTEIN KINASE MTOR,MTOR,,pKI,7.667561540084395,NM,O=C(OCc1ccccc1)C2CCC(CC2)N3C(=O)Nc4cnc5ccc(nc5c34)c6cnc7ccccc7c6
CHEMBL2418346,JMWDTMSHFAJXAF-AWEZNQCLSA-N,,,P42345,SERINE/THREONINE-PROTEIN KINASE MTOR,MTOR,23932790.0,pKI,7.721246399047171,NM,CCNC(=O)Nc1ccc(cc1)c2nc(N3CCOC[C@@H]3C)c4c(ccn4C)n2
CHEMBL1879463,JOGKUKXHTYWRGZ-UHFFFAOYSA-N,DACTOLISIB,,P42345,SERINE/THREONINE-PROTEIN KINASE MTOR,MTOR,20804212.0,pKI,8.769551078621726,NM,CN1C(=O)N(c2ccc(cc2)C(C)(C)C#N)c3c1cnc4ccc(cc34)c5cnc6ccccc6c5
CHEMBL1879463,JOGKUKXHTYWRGZ-UHFFFAOYSA-N,DACTOLISIB,,P42345,SERINE/THREONINE-PROTEIN KINASE MTOR,MTOR,20804212.0,pKI,8.602059991327963,NM,CN1C(=O)N(c2ccc(cc2)C(C)(C)C#N)c3c1cnc4ccc(cc34)c5cnc6ccccc6c5
CHEMBL1668275,JOSFZQUMBPOYBO-UHFFFAOYSA-N,,,P42345,SERINE/THREONINE-PROTEIN KINASE MTOR,MTOR,21269826.0,pKI,8.301029995663981,NM,Cc1nc(N)c2cccc(C(=O)Nc3cnc4[nH]ccc4c3)c2n1
CHEMBL2063761,JPOAQDAFYRTLEO-GJZGRUSLSA-N,,,P42345,SERINE/THREONINE-PROTEIN KINASE MTOR,MTOR,22765900.0,pKI,7.2076083105017466,NM,CCNC(=O)Nc1ccc(cc1)c2nc3CS(=O)(=O)Cc3c(n2)N4C[C@@H]5C[C@H]4CO5
CHEMBL3681073,JVIPNTALOSZTNW-UHFFFAOYSA-N,,,P42345,SERINE/THREONINE-PROTEIN KINASE MTOR,MTOR,,pKI,8.465973893943865,NM,CN(C)CC(=O)N1CCC(CC1)N2C(=O)N(C)c3cnc4ccc(nc4c23)c5cnc6ccccc6c5
CHEMBL1668276,JWOCGEPGKWSBJI-UHFFFAOYSA-N,,,P42345,SERINE/THREONINE-PROTEIN KINASE MTOR,MTOR,21269826.0,pKI,6.665546248849069,NM,Cc1ccc2c(N)nc(C)nc2c1C(=O)Nc3cnc4[nH]ccc4c3
CHEMBL2334759,JYSGBOOAYHHKRU-PAXLWEDBSA-N,,,P42345,SERINE/THREONINE-PROTEIN KINASE MTOR,MTOR,23473235.0,pKI,8.1249387366083,NM,CCNC(=O)Nc1ccc(cc1)c2nc3C[C@@H]4CC[C@@H](N4C(=O)C)c3c(n2)N5CCOC[C@@H]5C
CHEMBL3681165,KARZWASGGWJISD-UHFFFAOYSA-N,,,P42345,SERINE/THREONINE-PROTEIN KINASE MTOR,MTOR,,pKI,9.52432881167557,NM,CN1C(=O)N(C2CCN(CC2)C(=O)C)c3c1cnc4ccc(nc34)c5ccc(N)nc5
CHEMBL3218401,KBIZOMLODGCSPM-UHFFFAOYSA-N,,,P42345,SERINE/THREONINE-PROTEIN KINASE MTOR,MTOR,,pKI,6.154901959985743,NM,CNc1nc(C)c2C=C(C(=O)N(C3CCCC3)c2n1)c4ccc(OC)nc4
CHEMBL3681149,KFBCFYYOHHQHHM-UHFFFAOYSA-N,,,P42345,SERINE/THREONINE-PROTEIN KINASE MTOR,MTOR,,pKI,6.255707016877324,NM,OCCN1C(=O)N(C2CCOCC2)c3c1cnc4ccc(nc34)c5cnn(CCO)c5
CHEMBL2334755,KHRNSXIHUJHLRG-NBHGPNQESA-N,,,P42345,SERINE/THREONINE-PROTEIN KINASE MTOR,MTOR,23473235.0,pKI,8.187086643357144,NM,CCNC(=O)Nc1ccc(cc1)c2nc3C[C@@H]4CC[C@@H](N4CC)c3c(n2)N5CCOC[C@@H]5C
CHEMBL3681115,KKFNHCJVSBHRAF-UHFFFAOYSA-N,,,P42345,SERINE/THREONINE-PROTEIN KINASE MTOR,MTOR,,pKI,7.876148359032914,NM,COc1ncc(cn1)c2ccc3ncc4N(C)C(=O)N(C5CCN(CC5)C(=O)CN)c4c3n2
CHEMBL3681181,KLHGJLLNTSJYSP-UHFFFAOYSA-N,,,P42345,SERINE/THREONINE-PROTEIN KINASE MTOR,MTOR,,pKI,6.5638373529592435,NM,COc1ccc(cn1)c2ccc3ncc4N(C)C(=O)N(CCN5CCNCC5)c4c3n2
CHEMBL3681084,KSWOHKLTWOQFCL-UHFFFAOYSA-N,,,P42345,SERINE/THREONINE-PROTEIN KINASE MTOR,MTOR,,pKI,8.0195421077239,NM,CN1C(=O)N(C2CCN(CC(F)(F)F)CC2)c3c1cnc4ccc(nc34)c5cnc6ccccc6c5
CHEMBL1774366,KTDFILJQDSUXIQ-NPMXOYFQSA-N,,,P42345,SERINE/THREONINE-PROTEIN KINASE MTOR,MTOR,21495671.0,pKI,8.397940008672037,NM,CCNC(=O)Nc1ccc(cc1)c2nc(N3CCOC[C@@H]3C)c4CO[C@](C)(CCO)c4n2
CHEMBL1774363,KTDFILJQDSUXIQ-WNSKOXEYSA-N,,,P42345,SERINE/THREONINE-PROTEIN KINASE MTOR,MTOR,21495671.0,pKI,9.154901959985743,NM,CCNC(=O)Nc1ccc(cc1)c2nc(N3CCOC[C@@H]3C)c4CO[C@@](C)(CCO)c4n2
CHEMBL2181651,KWQYBYMJBCSAOM-KRWDZBQOSA-N,,,P42345,SERINE/THREONINE-PROTEIN KINASE MTOR,MTOR,23199076.0,pKI,8.638272163982407,NM,CCNC(=O)Nc1ccc(cc1)c2nc3CCN(Cc3c(n2)N4CCOC[C@@H]4C)c5ncccn5
CHEMBL3218404,KXSMKVQEHUCHOE-UHFFFAOYSA-N,,,P42345,SERINE/THREONINE-PROTEIN KINASE MTOR,MTOR,,pKI,6.958607314841775,NM,COc1ccc(cn1)C2=Cc3c(C)nc(N)nc3N(C4CCOCC4)C2=O
CHEMBL2334754,KYHDRKVDXZQWIA-CVAIRZPRSA-N,,,P42345,SERINE/THREONINE-PROTEIN KINASE MTOR,MTOR,23473235.0,pKI,8.3767507096021,NM,CCNC(=O)Nc1ccc(cc1)c2nc3C[C@H]4CC[C@H](N4C)c3c(n2)N5CCOC[C@@H]5C
CHEMBL2334753,KYHDRKVDXZQWIA-ZAAXVRCTSA-N,,,P42345,SERINE/THREONINE-PROTEIN KINASE MTOR,MTOR,23473235.0,pKI,8.3767507096021,NM,CCNC(=O)Nc1ccc(cc1)c2nc3C[C@@H]4CC[C@@H](N4C)c3c(n2)N5CCOC[C@@H]5C
CHEMBL1234353,LASGWNJRSNLLFV-UHFFFAOYSA-N,,,P42345,SERINE/THREONINE-PROTEIN KINASE MTOR,MTOR,,pKI,6.075720713938118,NM,CNc1nc(C)c2C=C(C(=O)N(C3CCCC3)c2n1)c4cccc(CO)c4
CHEMBL2331684,LBURYTYEJALZAH-INIZCTEOSA-N,,,P42345,SERINE/THREONINE-PROTEIN KINASE MTOR,MTOR,,pKI,8.537602002101044,NM,C[C@H]1COCCN1c2nc(nc3CN(CCc23)c4ncccn4)c5ccc(NC6=NN(C)C(=O)N6)cc5
CHEMBL3681170,LCOYIQIQNXUBMG-UHFFFAOYSA-N,,,P42345,SERINE/THREONINE-PROTEIN KINASE MTOR,MTOR,,pKI,6.354577730650908,NM,CN1C(=O)N(C2CCN(CC2)C(=O)C)c3c1cnc4ccc(nc34)c5ccnc6ncccc56
CHEMBL3681089,LEDZNERMENQHCL-IYARVYRRSA-N,,,P42345,SERINE/THREONINE-PROTEIN KINASE MTOR,MTOR,,pKI,8.42021640338319,NM,CN1C(=O)N([C@@H]2CC[C@@H](O)CC2)c3c1cnc4ccc(nc34)c5cnc6ccccc6c5
CHEMBL1084926,LEXMMFPAPDGYGZ-UHFFFAOYSA-N,,,P42345,SERINE/THREONINE-PROTEIN KINASE MTOR,MTOR,22946614.0,pKI,7.522878745280337,NM,CC(C)(O)c1cc2nc(nc(N3CCOCC3)c2s1)c4cnc(N)nc4
CHEMBL3681138,LFGJNQWUGYATOK-UHFFFAOYSA-N,,,P42345,SERINE/THREONINE-PROTEIN KINASE MTOR,MTOR,,pKI,7.554395796726403,NM,CC(C)C(=O)CN1CCC(CC1)N2C(=O)N(C)c3cnc4ccc(nc4c23)c5cnn(C)c5
CHEMBL521851,LHNIIDJUOCFXAP-UHFFFAOYSA-N,PICTILISIB,,P42345,SERINE/THREONINE-PROTEIN KINASE MTOR,MTOR,18754654.0,pKI,6.236572006437063,NM,CS(=O)(=O)N1CCN(Cc2cc3nc(nc(N4CCOCC4)c3s2)c5cccc6[nH]ncc56)CC1
CHEMBL521851,LHNIIDJUOCFXAP-UHFFFAOYSA-N,PICTILISIB,,P42345,SERINE/THREONINE-PROTEIN KINASE MTOR,MTOR,20346656.0,pKI,6.2441251443275085,NM,CS(=O)(=O)N1CCN(Cc2cc3nc(nc(N4CCOCC4)c3s2)c5cccc6[nH]ncc56)CC1
CHEMBL521851,LHNIIDJUOCFXAP-UHFFFAOYSA-N,PICTILISIB,,P42345,SERINE/THREONINE-PROTEIN KINASE MTOR,MTOR,21981714.0,pKI,6.236572006437063,NM,CS(=O)(=O)N1CCN(Cc2cc3nc(nc(N4CCOCC4)c3s2)c5cccc6[nH]ncc56)CC1
CHEMBL1922095,LKRMPKDNVLEEJI-UHFFFAOYSA-N,,,P42345,SERINE/THREONINE-PROTEIN KINASE MTOR,MTOR,21981714.0,pKI,7.853871964321762,NM,Cc1c(CN2CCN(CC2)C(=O)C(C)(C)O)sc3c(nc(nc13)c4cnc(N)nc4)N5CCOCC5
CHEMBL2063754,LLCAMIQEPODOTL-UHFFFAOYSA-N,,,P42345,SERINE/THREONINE-PROTEIN KINASE MTOR,MTOR,22765900.0,pKI,7.301029995663981,NM,CCNC(=O)Nc1ccc(cc1)c2nc3CCS(=O)(=O)Cc3c(n2)N4CCOCC4
CHEMBL1668269,LMTXZFZMGKTSOF-UHFFFAOYSA-N,,,P42345,SERINE/THREONINE-PROTEIN KINASE MTOR,MTOR,21269826.0,pKI,7.508638306165727,NM,Cc1ccc(NC(=O)c2cccc3c(N)nc(C)nc23)cn1
CHEMBL3639800,LNYJFNGCMKEZBH-UHFFFAOYSA-N,,,P42345,SERINE/THREONINE-PROTEIN KINASE MTOR,MTOR,,pKI,7.991399828238082,NM,COc1cccc(c1)c2ccc3ncc4N(C)C(=O)N(C5CCN(CC5)C(=O)CO)c4c3n2
CHEMBL2375960,LOYNAYXFINASCA-OKILXGFUSA-N,,,P42345,SERINE/THREONINE-PROTEIN KINASE MTOR,MTOR,23506825.0,pKI,7.033389013318065,NM,Cc1nc(N)nc2N([C@@H]3CC[C@@H](CC3)OCC(=O)N)C(=O)C(=Cc12)c4cnn(C)c4
CHEMBL3681094,LVEXSOMVMPNPIE-IYARVYRRSA-N,,,P42345,SERINE/THREONINE-PROTEIN KINASE MTOR,MTOR,,pKI,7.943095148663527,NM,CN1C(=O)N([C@@H]2CC[C@H](CC2)OCCO)c3c1cnc4ccc(nc34)c5ccc(C)nc5
CHEMBL2181527,LVGNJTOYOJYFMW-HNNXBMFYSA-N,,,P42345,SERINE/THREONINE-PROTEIN KINASE MTOR,MTOR,23199076.0,pKI,8.356547323513812,NM,CCNC(=O)Nc1ccc(cc1)c2nc3CN(CCc3c(n2)N4CCOC[C@@H]4C)c5oc(C)nn5
CHEMBL3681110,LVIORTDEPFZDSH-WKILWMFISA-N,,,P42345,SERINE/THREONINE-PROTEIN KINASE MTOR,MTOR,,pKI,8.482804102050025,NM,CN1C(=O)N([C@@H]2CC[C@@H](O)CC2)c3c1cnc4ccc(nc34)c5ccc(C)nc5
CHEMBL2063759,LZDMNDUELOWCFW-CALCHBBNSA-N,,,P42345,SERINE/THREONINE-PROTEIN KINASE MTOR,MTOR,22765900.0,pKI,8.301029995663981,NM,CCNC(=O)Nc1ccc(cc1)c2nc3CCS(=O)(=O)Cc3c(n2)N4C[C@H]5CC[C@@H](C4)O5
CHEMBL3681060,LZJPWMXFCNFGCA-UHFFFAOYSA-N,,,P42345,SERINE/THREONINE-PROTEIN KINASE MTOR,MTOR,,pKI,8.812479279163536,NM,COc1ncc(cn1)c2ccc3ncc4NC(=O)N(c5ccc(cc5)C(C)(C)C#N)c4c3n2
CHEMBL3681055,MFAPMNAQTNFDRX-UHFFFAOYSA-N,,,P42345,SERINE/THREONINE-PROTEIN KINASE MTOR,MTOR,,pKI,7.570247719997592,NM,CN1C(=O)N(c2ccc(cc2)C(C)(C)C#N)c3c1cnc4ccc(nc34)c5ccc(C)nc5
CHEMBL1774381,MGIPTBOLCHDSDN-IVCQMTBJSA-N,,,P42345,SERINE/THREONINE-PROTEIN KINASE MTOR,MTOR,21495671.0,pKI,8.494850021680094,NM,CCNC(=O)Nc1ccc(cc1)c2nc(N3CCOC[C@@H]3C)c4CO[C@](C)(CC(C)(C)O)c4n2
CHEMBL1774379,MGIPTBOLCHDSDN-LMKMVOKYSA-N,,,P42345,SERINE/THREONINE-PROTEIN KINASE MTOR,MTOR,21495671.0,pKI,8.638272163982407,NM,CCNC(=O)Nc1ccc(cc1)c2nc(N3CCOC[C@@H]3C)c4CO[C@@](C)(CC(C)(C)O)c4n2
CHEMBL1668270,MHRRALTXJDWHCP-UHFFFAOYSA-N,,,P42345,SERINE/THREONINE-PROTEIN KINASE MTOR,MTOR,21269826.0,pKI,5.488116639021126,NM,Cc1ccc(NC(=O)c2c(C)ccc3c(N)nc(C)nc23)cn1
CHEMBL2418351,MKLJKVWGDOVVKJ-GJZGRUSLSA-N,,,P42345,SERINE/THREONINE-PROTEIN KINASE MTOR,MTOR,23932790.0,pKI,7.552841968657781,NM,CCNC(=O)Nc1ccc(cc1)c2nc(N3C[C@@H]4C[C@H]3CO4)c5c(cnn5C)n2
CHEMBL3681185,MLKZQLZLWPQANJ-UHFFFAOYSA-N,,,P42345,SERINE/THREONINE-PROTEIN KINASE MTOR,MTOR,,pKI,8.146910470148134,NM,COCCN1C(=O)N(C)c2cnc3ccc(nc3c12)c4ccc(OC)nc4
CHEMBL1258458,MLPHIXLIZYLZRW-UHFFFAOYSA-N,,,P42345,SERINE/THREONINE-PROTEIN KINASE MTOR,MTOR,20817449.0,pKI,8.301029995663981,NM,COc1ccc(cn1)C2=Cc3c(C)nc(N)nc3N(C(C)C)C2=O
CHEMBL1774367,MMRPGKGGMCYSNW-JOCHJYFZSA-N,,,P42345,SERINE/THREONINE-PROTEIN KINASE MTOR,MTOR,21495671.0,pKI,8.537602002101044,NM,CCNC(=O)Nc1ccc(cc1)c2nc(N3CCOCC3)c4CO[C@](C)(CCO)c4n2
CHEMBL1774364,MMRPGKGGMCYSNW-QFIPXVFZSA-N,,,P42345,SERINE/THREONINE-PROTEIN KINASE MTOR,MTOR,21495671.0,pKI,9.468521082957745,NM,CCNC(=O)Nc1ccc(cc1)c2nc(N3CCOCC3)c4CO[C@@](C)(CCO)c4n2
CHEMBL2057727,MQXZSHNTUSGCLH-UHFFFAOYSA-N,,,P42345,SERINE/THREONINE-PROTEIN KINASE MTOR,MTOR,22749419.0,pKI,7.11690664142431,NM,COc1ccc(cn1)C2=Cc3c(C)nc(N)nc3N(C4CCC4)C2=O
CHEMBL1774356,MRSNNKTWHOYIHT-HNNXBMFYSA-N,,,P42345,SERINE/THREONINE-PROTEIN KINASE MTOR,MTOR,21495671.0,pKI,8.494850021680094,NM,C[C@H]1COCCN1c2nc(nc3c2COC3(C)C)c4ccc(NC(=O)NCCC#N)cc4
CHEMBL3681091,MTFFDZGRFRQITI-WKILWMFISA-N,,,P42345,SERINE/THREONINE-PROTEIN KINASE MTOR,MTOR,,pKI,7.872895201635193,NM,COc1ncc(cn1)c2ccc3ncc4N(C)C(=O)N([C@@H]5CC[C@H](CC5)OCCO)c4c3n2
CHEMBL2017654,MUENOTXSRZEFJV-UHFFFAOYSA-N,,,P42345,SERINE/THREONINE-PROTEIN KINASE MTOR,MTOR,,pKI,5.841637507904751,NM,Fc1cc(ccc1c2c(C#N)c(sc2c3ncn[nH]3)N4CCOCC4)C#N
CHEMBL3681054,MXLZNYSXMWKNRW-UHFFFAOYSA-N,,,P42345,SERINE/THREONINE-PROTEIN KINASE MTOR,MTOR,,pKI,8.679853713888946,NM,COc1ccc(cn1)c2ccc3ncc4NC(=O)N(c5ccc(cc5)C(C)(C)C#N)c4c3n2
CHEMBL3681168,MXRGRDUJLMZAIB-UHFFFAOYSA-N,,,P42345,SERINE/THREONINE-PROTEIN KINASE MTOR,MTOR,,pKI,7.452225294612178,NM,CN1C(=O)N(C2CCN(CC2)C(=O)C)c3c1cnc4ccc(nc34)c5ccc(cc5)S(=O)(=O)C
CHEMBL3681077,MYAWLPADHVWLNU-UHFFFAOYSA-N,,,P42345,SERINE/THREONINE-PROTEIN KINASE MTOR,MTOR,,pKI,8.073657553374344,NM,COc1ccc(cn1)c2ccc3ncc4NC(=O)N(Cc5ccccc5)c4c3n2
CHEMBL3681113,MZAXEMDPTLSROA-UHFFFAOYSA-N,,,P42345,SERINE/THREONINE-PROTEIN KINASE MTOR,MTOR,,pKI,8.34582345812204,NM,COc1ncc(cn1)c2ccc3ncc4N(C)C(=O)N(C5CCN(C)CC5)c4c3n2
CHEMBL3681104,MZGDSPJPVFTZAB-HDJSIYSDSA-N,,,P42345,SERINE/THREONINE-PROTEIN KINASE MTOR,MTOR,,pKI,8.1944991418416,NM,COc1ncc(cn1)c2ccc3ncc4N(C)C(=O)N([C@@H]5CC[C@@H](O)CC5)c4c3n2
CHEMBL2334758,NDQIDSZBEUKRAW-ZAAXVRCTSA-N,,,P42345,SERINE/THREONINE-PROTEIN KINASE MTOR,MTOR,23473235.0,pKI,8.585026652029182,NM,CCNC(=O)Nc1ccc(cc1)c2nc3C[C@@H]4CC[C@@H](N4S(=O)(=O)C)c3c(n2)N5CCOC[C@@H]5C
CHEMBL2181662,NGBLEGHCNFJJEQ-UHFFFAOYSA-N,,,P42345,SERINE/THREONINE-PROTEIN KINASE MTOR,MTOR,23199076.0,pKI,8.0,NM,CCNC(=O)Nc1ccc(cc1)c2nc3CN(Cc3c(n2)N4CCOCC4)C(=O)OC(C)(C)C
CHEMBL2334763,NHJAMHLWORQRFH-XWFZLUIHSA-N,,,P42345,SERINE/THREONINE-PROTEIN KINASE MTOR,MTOR,23473235.0,pKI,8.823908740944319,NM,CCNC(=O)Nc1ccc(cc1)c2nc3[C@H]4CC[C@@H](Cc3c(n2)N5CCOC[C@@H]5C)N4C6COC6
CHEMBL1774358,NIVQDDVZJRCEDJ-HNNXBMFYSA-N,,,P42345,SERINE/THREONINE-PROTEIN KINASE MTOR,MTOR,21495671.0,pKI,9.096910013008056,NM,C[C@H]1COCCN1c2nc(nc3c2COC3(C)C)c4ccc(NC(=O)Nc5cnn(C)c5)cc4
CHEMBL2057734,NJIOLSCEXVZLDD-UHFFFAOYSA-N,,,P42345,SERINE/THREONINE-PROTEIN KINASE MTOR,MTOR,22749419.0,pKI,7.97469413473523,NM,Cc1nc(N)nc2N(N3CCCC3)C(=O)C(=Cc12)c4cn[nH]c4
CHEMBL1774360,NJMOMAHSXKGSRA-HNNXBMFYSA-N,,,P42345,SERINE/THREONINE-PROTEIN KINASE MTOR,MTOR,21495671.0,pKI,8.920818753952375,NM,C[C@H]1COCCN1c2nc(nc3c2COC3(C)C)c4ccc(NC5=CC=CC(=O)N5)cc4
CHEMBL2063756,NLFYWTSGSCFECR-AWEZNQCLSA-N,PF-05139962,,P42345,SERINE/THREONINE-PROTEIN KINASE MTOR,MTOR,22765900.0,pKI,8.096910013008056,NM,CCNC(=O)Nc1ccc(cc1)c2nc3CCS(=O)(=O)Cc3c(n2)N4CCOC[C@@H]4C
CHEMBL2063755,NLFYWTSGSCFECR-CQSZACIVSA-N,,,P42345,SERINE/THREONINE-PROTEIN KINASE MTOR,MTOR,22765900.0,pKI,7.2839966563652006,NM,CCNC(=O)Nc1ccc(cc1)c2nc3CCS(=O)(=O)Cc3c(n2)N4CCOC[C@H]4C
CHEMBL3681087,NLOCQUUJIBXXNB-UHFFFAOYSA-N,,,P42345,SERINE/THREONINE-PROTEIN KINASE MTOR,MTOR,,pKI,8.097453220686008,NM,CN(C)CC(=O)N1CCC(CC1)N2C(=O)N(C)c3cnc4ccc(nc4c23)c5ccc(nc5)N(C)C
CHEMBL3681066,NMARFLYWJXGHHF-UHFFFAOYSA-N,,,P42345,SERINE/THREONINE-PROTEIN KINASE MTOR,MTOR,,pKI,7.906578314837765,NM,O=C1Nc2cnc3ccc(nc3c2N1C4CCNCC4)c5cnc6ccccc6c5
CHEMBL1258677,NNIXEZRKBWATCD-UHFFFAOYSA-N,,,P42345,SERINE/THREONINE-PROTEIN KINASE MTOR,MTOR,20817449.0,pKI,6.94692155651658,NM,CC(C)N1C(=O)C(=Nc2c(C)nc(N)nc12)c3cnn[nH]3
CHEMBL2375962,NNXNZTDFLLHLOS-BETUJISGSA-N,,,P42345,SERINE/THREONINE-PROTEIN KINASE MTOR,MTOR,23506825.0,pKI,8.344861565188618,NM,Cc1nc(N)nc2N([C@@H]3CC[C@@H](CC3)OCC(=O)N)C(=O)C(=Cc12)c4cn[nH]c4
CHEMBL1922091,NOXQEXHGLFKCLC-HNNXBMFYSA-N,,,P42345,SERINE/THREONINE-PROTEIN KINASE MTOR,MTOR,21981714.0,pKI,8.200659450546418,NM,C[C@H](N)C(=O)N1CCN(Cc2sc3c(nc(nc3c2C)c4cnc(N)nc4)N5CCOCC5)CC1
CHEMBL3681067,NQJKIFZOBXFCRQ-UHFFFAOYSA-N,,,P42345,SERINE/THREONINE-PROTEIN KINASE MTOR,MTOR,,pKI,8.090979145788843,NM,CCN1CCC(CC1)N2C(=O)N(C)c3cnc4ccc(nc4c23)c5cnc6ccccc6c5
CHEMBL2331662,NQLVCSKRIFKMMQ-UHFFFAOYSA-N,,,P42345,SERINE/THREONINE-PROTEIN KINASE MTOR,MTOR,,pKI,8.63264407897398,NM,CN1C(=O)N(C2CCN(CC2)C(=O)C)c3c1cnc4ccc(nc34)c5ccc(C)nc5
CHEMBL2331662,NQLVCSKRIFKMMQ-UHFFFAOYSA-N,,,P42345,SERINE/THREONINE-PROTEIN KINASE MTOR,MTOR,,pKI,8.63264407897398,NM,CN1C(=O)N(C2CCN(CC2)C(=O)C)c3c1cnc4ccc(nc34)c5ccc(C)nc5
CHEMBL2181648,NSMZIMGRQWNLOV-HNNXBMFYSA-N,,,P42345,SERINE/THREONINE-PROTEIN KINASE MTOR,MTOR,23199076.0,pKI,8.167491087293763,NM,CCNC(=O)Nc1ccc(cc1)c2nc3CCN(Cc3c(n2)N4CCOC[C@@H]4C)S(=O)(=O)C
CHEMBL2331666,NUZKZLIMRUWBCW-UHFFFAOYSA-N,,,P42345,SERINE/THREONINE-PROTEIN KINASE MTOR,MTOR,,pKI,9.423658649794207,NM,COCC(=O)N1CCC(CC1)N2C(=O)N(C)c3cnc4ccc(nc4c23)c5ccc(C)nc5
CHEMBL2331666,NUZKZLIMRUWBCW-UHFFFAOYSA-N,,,P42345,SERINE/THREONINE-PROTEIN KINASE MTOR,MTOR,,pKI,9.423658649794207,NM,COCC(=O)N1CCC(CC1)N2C(=O)N(C)c3cnc4ccc(nc4c23)c5ccc(C)nc5
CHEMBL1093267,NXFDDILCQZFXOX-UHFFFAOYSA-N,,,P42345,SERINE/THREONINE-PROTEIN KINASE MTOR,MTOR,20346656.0,pKI,8.397940008672037,NM,CN1CCN(CC1)C(=O)c2cccc(c2)c3sc4c(nc(nc4c3C)c5cnc(N)nc5)N6CCOCC6
CHEMBL3681090,NXPKOOPSQRQLGO-MXVIHJGJSA-N,,,P42345,SERINE/THREONINE-PROTEIN KINASE MTOR,MTOR,,pKI,7.995678626217358,NM,CN1C(=O)N([C@@H]2CC[C@H](CC2)OCCO)c3c1cnc4ccc(nc34)c5cnc6ccccc6c5
CHEMBL3681093,OBRVVXHCETYKOV-UHFFFAOYSA-N,,,P42345,SERINE/THREONINE-PROTEIN KINASE MTOR,MTOR,,pKI,7.0101054362812265,NM,CN1C(=O)N(C2CCN(CC(F)(F)F)CC2)c3c1cnc4ccc(nc34)c5cnn(C)c5
CHEMBL3681065,OCRPVAZWRHMPIS-UHFFFAOYSA-N,,,P42345,SERINE/THREONINE-PROTEIN KINASE MTOR,MTOR,,pKI,8.185086818724926,NM,CN1C(=O)N(C2CCC(CC2)C(=O)OCc3ccccc3)c4c1cnc5ccc(nc45)c6cnc7ccccc7c6
CHEMBL594844,OCVPDJPZJKVHFR-UHFFFAOYSA-N,,,P42345,SERINE/THREONINE-PROTEIN KINASE MTOR,MTOR,20346656.0,pKI,7.376750709602099,NM,Nc1ncc(cn1)c2nc(N3CCOCC3)c4sccc4n2
CHEMBL2331689,OESWUISVDCHYDK-KRWDZBQOSA-N,,,P42345,SERINE/THREONINE-PROTEIN KINASE MTOR,MTOR,,pKI,8.619788758288394,NM,CCNC(=O)Nc1ccc(cc1)c2nc3CN(CCc3c(n2)N4CCOC[C@@H]4C)c5ccnc(C)n5
CHEMBL3681056,OEYQTUKHZMDTKA-UHFFFAOYSA-N,,,P42345,SERINE/THREONINE-PROTEIN KINASE MTOR,MTOR,,pKI,8.370590400897282,NM,CN(C)c1ccc(cn1)c2ccc3ncc4NC(=O)N(c5ccc(cc5)C(C)(C)C#N)c4c3n2
CHEMBL2375957,OKZQPXUPXMKTBL-HDJSIYSDSA-N,,,P42345,SERINE/THREONINE-PROTEIN KINASE MTOR,MTOR,23506825.0,pKI,7.954677021213342,NM,COc1ncc(cc1F)C2=Cc3c(C)nc(N)nc3N([C@@H]4CC[C@H](CC4)OCC(=O)N)C2=O
CHEMBL2375963,OKZQPXUPXMKTBL-OKILXGFUSA-N,,,P42345,SERINE/THREONINE-PROTEIN KINASE MTOR,MTOR,23506825.0,pKI,7.342944147142896,NM,COc1ncc(cc1F)C2=Cc3c(C)nc(N)nc3N([C@@H]4CC[C@@H](CC4)OCC(=O)N)C2=O
CHEMBL1091977,ONCWMCNSCPKGPD-UHFFFAOYSA-N,,,P42345,SERINE/THREONINE-PROTEIN KINASE MTOR,MTOR,20346656.0,pKI,8.397940008672037,NM,Cc1c(sc2c(nc(nc12)c3cnc(N)nc3)N4CCOCC4)c5cccc(c5)S(=O)(=O)C
CHEMBL3681124,OORSHTRGMKKUHS-UHFFFAOYSA-N,,,P42345,SERINE/THREONINE-PROTEIN KINASE MTOR,MTOR,,pKI,8.453457336521868,NM,CN(C)c1ccc(cn1)c2ccc3ncc4N(C)C(=O)N(C5CCN(CCO)CC5)c4c3n2
CHEMBL2334767,OTOIKFVTBJUTPZ-RBDMOPTHSA-N,,,P42345,SERINE/THREONINE-PROTEIN KINASE MTOR,MTOR,23473235.0,pKI,8.920818753952375,NM,CCNC(=O)Nc1ccc(cc1)c2nc3[C@H]4CC[C@@H](Cc3c(n2)N5CCOC[C@@H]5C)N4C(C)(C)C(=O)NC
CHEMBL1774350,OTPLYFHAWCDSOK-UHFFFAOYSA-N,,,P42345,SERINE/THREONINE-PROTEIN KINASE MTOR,MTOR,21495671.0,pKI,8.0,NM,CCNC(=O)Nc1ccc(cc1)c2nc3CCCOc3c(n2)N4CCOCC4
CHEMBL2418345,OYGGKACTHFOZAZ-UHFFFAOYSA-N,,,P42345,SERINE/THREONINE-PROTEIN KINASE MTOR,MTOR,23932790.0,pKI,6.920818753952375,NM,CCNC(=O)Nc1ccc(cc1)c2nc(N3CCCOCC3)c4c(ncn4C)n2
CHEMBL3681174,OYXDADGCFDOKLT-UHFFFAOYSA-N,,,P42345,SERINE/THREONINE-PROTEIN KINASE MTOR,MTOR,,pKI,8.705533773838408,NM,CN1C(=O)N(C2CCN(CC2)C(=O)CO)c3c1cnc4ccc(nc34)c5cccc6[nH]ncc56
CHEMBL3218943,PBVKKMSOHDWEAO-UHFFFAOYSA-N,,,P42345,SERINE/THREONINE-PROTEIN KINASE MTOR,MTOR,,pKI,7.086186147616283,NM,Cc1nc(N)nc2N(C3CCCC3)C(=O)C(=Cc12)c4cccc(CO)c4
CHEMBL2375365,PCBMOVJBHYZWMB-HDJSIYSDSA-N,,,P42345,SERINE/THREONINE-PROTEIN KINASE MTOR,MTOR,23506825.0,pKI,8.296708621881338,NM,COc1ncc(cn1)C2=Cc3c(C)nc(N)nc3N([C@@H]4CC[C@H](CC4)OCO)C2=O
CHEMBL2376093,PCBMOVJBHYZWMB-OKILXGFUSA-N,,,P42345,SERINE/THREONINE-PROTEIN KINASE MTOR,MTOR,23506825.0,pKI,8.350665141287859,NM,COc1ncc(cn1)C2=Cc3c(C)nc(N)nc3N([C@@H]4CC[C@@H](CC4)OCO)C2=O
CHEMBL1668268,PHDLAZOKWSFGCE-UHFFFAOYSA-N,,,P42345,SERINE/THREONINE-PROTEIN KINASE MTOR,MTOR,21269826.0,pKI,5.876148359032914,NM,CN(C)Cc1cc(C(=O)Nc2ccn[nH]2)c3nc(C)nc(N)c3c1
CHEMBL2181654,PITUAFPHQAKRKP-UHFFFAOYSA-N,,,P42345,SERINE/THREONINE-PROTEIN KINASE MTOR,MTOR,23199076.0,pKI,6.853871964321762,NM,CCNC(=O)Nc1ccc(cc1)c2nc3CNCCc3c(n2)N4CCOCC4
CHEMBL2181523,PIZQRDRWFRZBOU-FQEVSTJZSA-N,,,P42345,SERINE/THREONINE-PROTEIN KINASE MTOR,MTOR,23199076.0,pKI,8.886056647693163,NM,CCNC(=O)Nc1ccc(cc1)c2nc3CN(CCc3c(n2)N4CCOC[C@@H]4CC)c5ncccn5
CHEMBL2181659,PJUTWGKLVJYVSJ-UHFFFAOYSA-N,,,P42345,SERINE/THREONINE-PROTEIN KINASE MTOR,MTOR,23199076.0,pKI,5.823908740944319,NM,CCNC(=O)Oc1ccc(cc1)c2nc3CN(CCc3c(n2)N4CCOCC4)C(=O)c5ccccc5
CHEMBL3681057,PLMKTSLYIHBCJD-UHFFFAOYSA-N,,,P42345,SERINE/THREONINE-PROTEIN KINASE MTOR,MTOR,,pKI,8.330683119433887,NM,CN(C)c1ccc(cn1)c2ccc3ncc4N(C)C(=O)N(c5ccc(cc5)C(C)(C)C#N)c4c3n2
CHEMBL2057733,PLQOTJUBZZMTRG-UHFFFAOYSA-N,,,P42345,SERINE/THREONINE-PROTEIN KINASE MTOR,MTOR,22749419.0,pKI,6.910094888560602,NM,CC(C)CNN1C(=O)C(=Cc2c(C)nc(N)nc12)c3cn[nH]c3
CHEMBL1940252,PLZWVXKEQYGKTJ-AUSIDOKSSA-N,,,P42345,SERINE/THREONINE-PROTEIN KINASE MTOR,MTOR,22040023.0,pKI,5.585026652029182,NM,CC(C)n1cc(C(=O)c2cncc(N[C@@H]3CCN([C@@H]3c4ccc(F)cc4)C(=O)C)n2)c5c(N)ncnc15
CHEMBL3681085,PMUAIGLZZYUTTE-UHFFFAOYSA-N,,,P42345,SERINE/THREONINE-PROTEIN KINASE MTOR,MTOR,,pKI,8.795880017344075,NM,CNC(=O)N1CCC(CC1)N2C(=O)N(C)c3cnc4ccc(nc4c23)c5ccc(OC)nc5
CHEMBL3681152,POVVLZUOSSJECG-UHFFFAOYSA-N,,,P42345,SERINE/THREONINE-PROTEIN KINASE MTOR,MTOR,,pKI,6.978810700930062,NM,CN1C(=O)N(C2CCNCC2)c3c1cnc4ccc(nc34)c5cnn(CCO)c5
CHEMBL3681119,PWFKWGFNTXBANS-UHFFFAOYSA-N,,,P42345,SERINE/THREONINE-PROTEIN KINASE MTOR,MTOR,,pKI,8.075204004202087,NM,CN(C)c1ccc(cn1)c2ccc3ncc4N(C)C(=O)N(C5CCNCC5)c4c3n2
CHEMBL3681155,PYSPVDUPWKQVNG-GFCCVEGCSA-N,,,P42345,SERINE/THREONINE-PROTEIN KINASE MTOR,MTOR,,pKI,7.250263684430939,NM,C[C@H](CO)N1C(=O)N(C)c2cnc3ccc(nc3c12)c4ccc(C)nc4
CHEMBL3681098,QDMLWRQDYNWDNC-UHFFFAOYSA-N,,,P42345,SERINE/THREONINE-PROTEIN KINASE MTOR,MTOR,,pKI,8.598599459218455,NM,COCC(=O)N1CCC(CC1)N2C(=O)N(C)c3cnc4ccc(nc4c23)c5cnc(OC)nc5
CHEMBL3681153,QECSUNFWKPVHIW-UHFFFAOYSA-N,,,P42345,SERINE/THREONINE-PROTEIN KINASE MTOR,MTOR,,pKI,8.442492798094342,NM,CN1C(=O)N(C2CCNCC2)c3c1cnc4ccc(nc34)c5cnc(N)nc5
CHEMBL1258679,QERFJHUBLDEEJL-UHFFFAOYSA-N,,,P42345,SERINE/THREONINE-PROTEIN KINASE MTOR,MTOR,20817449.0,pKI,7.522878745280337,NM,COc1ccc(cn1)C2=Nc3c(C)nc(N)nc3N(C(C)C)C2=O
CHEMBL1774373,QPZOGYGGPPCZSA-FYSMJZIKSA-N,,,P42345,SERINE/THREONINE-PROTEIN KINASE MTOR,MTOR,21495671.0,pKI,8.769551078621726,NM,CCNC(=O)Nc1ccc(cc1)c2nc(N3CCOC[C@@H]3C)c4CO[C@@](C)(CCOC)c4n2
CHEMBL1774374,QPZOGYGGPPCZSA-UPCLLVRISA-N,,,P42345,SERINE/THREONINE-PROTEIN KINASE MTOR,MTOR,21495671.0,pKI,8.102372908709558,NM,CCNC(=O)Nc1ccc(cc1)c2nc(N3CCOC[C@@H]3C)c4CO[C@](C)(CCOC)c4n2
CHEMBL1258567,QQNDDXGQIWEEJW-UHFFFAOYSA-N,,,P42345,SERINE/THREONINE-PROTEIN KINASE MTOR,MTOR,20817449.0,pKI,8.221848749616356,NM,CC(C)N1C(=O)C(=Nc2c(C)nc(N)nc12)c3ccn[nH]3
CHEMBL3681187,QRJAMQLBQFQSCP-HNNXBMFYSA-N,,,P42345,SERINE/THREONINE-PROTEIN KINASE MTOR,MTOR,,pKI,8.712198270069774,NM,COc1ccc(cc1)c2ccc3ncc4N(C)C(=O)N(C5CCN(CC5)C(=O)[C@H](C)O)c4c3n2
CHEMBL1667869,RDPWIYUOSKRMLU-UHFFFAOYSA-N,,,P42345,SERINE/THREONINE-PROTEIN KINASE MTOR,MTOR,21269826.0,pKI,7.6777807052660805,NM,Cc1nc(N)c2cccc(C(=O)Nc3cn[nH]c3)c2n1
CHEMBL2331680,RGJOJUGRHPQXGF-INIZCTEOSA-N,RG-7603,,P42345,SERINE/THREONINE-PROTEIN KINASE MTOR,MTOR,,pKI,8.42021640338319,NM,CCNC(=O)Nc1ccc(cc1)c2nc3CN(CCc3c(n2)N4CCOC[C@@H]4C)C5COC5
CHEMBL2418353,RNSKAEKUJPCTAD-HNNXBMFYSA-N,,,P42345,SERINE/THREONINE-PROTEIN KINASE MTOR,MTOR,23932790.0,pKI,8.045757490560675,NM,CCNC(=O)Nc1ccc(cc1)c2nc(N3CCOC[C@@H]3C)c4nc(n(CCO)c4n2)C(C)(C)O
CHEMBL2418353,RNSKAEKUJPCTAD-HNNXBMFYSA-N,,,P42345,SERINE/THREONINE-PROTEIN KINASE MTOR,MTOR,23932790.0,pKI,8.022276394711152,NM,CCNC(=O)Nc1ccc(cc1)c2nc(N3CCOC[C@@H]3C)c4nc(n(CCO)c4n2)C(C)(C)O
CHEMBL3681139,ROPAGYAHBIXGBF-UHFFFAOYSA-N,,,P42345,SERINE/THREONINE-PROTEIN KINASE MTOR,MTOR,,pKI,8.1073489661227,NM,CN1C(=O)N(C2CCN(CC2)C(=O)C)c3c1cnc4ccc(nc34)c5cnn(C)c5
CHEMBL2418340,RQSSERSPQAOXGS-AWEZNQCLSA-N,,,P42345,SERINE/THREONINE-PROTEIN KINASE MTOR,MTOR,23932790.0,pKI,8.096910013008056,NM,CCNC(=O)Nc1ccc(cc1)c2nc(N3CCOC[C@@H]3C)c4ncn(CC)c4n2
CHEMBL3681176,RRBZGDINLXZGOF-UHFFFAOYSA-N,,,P42345,SERINE/THREONINE-PROTEIN KINASE MTOR,MTOR,,pKI,9.490797477668897,NM,COCC(=O)N1CCC(CC1)N2C(=O)N(C)c3cnc4ccc(nc4c23)c5cnc6[nH]ncc6c5
CHEMBL3681059,RSTLCZANTCFFMD-UHFFFAOYSA-N,,,P42345,SERINE/THREONINE-PROTEIN KINASE MTOR,MTOR,,pKI,7.575118363368933,NM,COc1ncc(cc1F)c2ccc3ncc4N(C)C(=O)N(c5ccc(cc5)C(C)(C)C#N)c4c3n2
CHEMBL2418344,RUKPARYVYJUSPH-INIZCTEOSA-N,,,P42345,SERINE/THREONINE-PROTEIN KINASE MTOR,MTOR,23932790.0,pKI,8.397940008672037,NM,CCNC(=O)Nc1ccc(cc1)c2nc(N3CCOC[C@@H]3CC)c4c(ncn4C)n2
CHEMBL2331659,RUSWLTDNJLODMQ-SHTZXODSSA-N,,,P42345,SERINE/THREONINE-PROTEIN KINASE MTOR,MTOR,,pKI,8.698970004336019,NM,COc1ccc(cn1)c2ccc3ncc4N(C)C(=O)N([C@@H]5CC[C@@H](O)CC5)c4c3n2
CHEMBL2331659,RUSWLTDNJLODMQ-SHTZXODSSA-N,,,P42345,SERINE/THREONINE-PROTEIN KINASE MTOR,MTOR,,pKI,8.698970004336019,NM,COc1ccc(cn1)c2ccc3ncc4N(C)C(=O)N([C@@H]5CC[C@@H](O)CC5)c4c3n2
CHEMBL2181649,RVHJWWSUVNNBNK-HNNXBMFYSA-N,,,P42345,SERINE/THREONINE-PROTEIN KINASE MTOR,MTOR,23199076.0,pKI,7.958607314841775,NM,CCNC(=O)Nc1ccc(cc1)c2nc3CCN(Cc3c(n2)N4CCOC[C@@H]4C)C(=O)C
CHEMBL2331678,RWSCHRBISRWGQQ-KRWDZBQOSA-N,,,P42345,SERINE/THREONINE-PROTEIN KINASE MTOR,MTOR,,pKI,8.017728766960431,NM,CCNC(=O)Nc1ccc(cc1)c2nc3CN(CCc3c(n2)N4CCOC[C@@H]4C)C(C)C
CHEMBL1940249,RXQBATCWIIRYFZ-SJLPKXTDSA-N,,,P42345,SERINE/THREONINE-PROTEIN KINASE MTOR,MTOR,22040023.0,pKI,5.958607314841775,NM,CC(C)n1cc(C(=O)c2cncc(N[C@@H]3CNC[C@@H]3c4ccc(F)cc4)n2)c5c(N)ncnc15
CHEMBL2375968,SAQMYGKYGQDHJG-HDJSIYSDSA-N,,,P42345,SERINE/THREONINE-PROTEIN KINASE MTOR,MTOR,23506825.0,pKI,7.61261017366127,NM,COc1ncc(cc1F)C2=Cc3c(C)nc(N)nc3N([C@@H]4CC[C@H](CC4)OCO)C2=O
CHEMBL2057731,SBGOBTVWKFJHKH-UHFFFAOYSA-N,,,P42345,SERINE/THREONINE-PROTEIN KINASE MTOR,MTOR,22749419.0,pKI,7.628932137728263,NM,CC(C)N1C(=O)C(=Cc2c(C)nc(N)nc12)c3cn[nH]c3
CHEMBL2334765,SCJNQUFRUCWOQD-PAXLWEDBSA-N,,,P42345,SERINE/THREONINE-PROTEIN KINASE MTOR,MTOR,23473235.0,pKI,8.920818753952375,NM,CCNC(=O)Nc1ccc(cc1)c2nc3[C@H]4CC[C@@H](Cc3c(n2)N5CCOC[C@@H]5C)N4C(=O)C
CHEMBL1668264,SCPDXZXMMJTDRB-UHFFFAOYSA-N,,,P42345,SERINE/THREONINE-PROTEIN KINASE MTOR,MTOR,21269826.0,pKI,6.576754126063192,NM,COc1ccc(NC(=O)c2cc(C)cc3c(N)nc(C)nc23)cn1
CHEMBL3681097,SDJWQQUZGTZQLC-MQMHXKEQSA-N,,,P42345,SERINE/THREONINE-PROTEIN KINASE MTOR,MTOR,,pKI,7.91721462968355,NM,CN1C(=O)N([C@@H]2CC[C@H](CC2)C(=O)N)c3c1cnc4ccc(nc34)c5cnn(C)c5
CHEMBL2181665,SEKIFRCYOFMYMZ-UHFFFAOYSA-N,,,P42345,SERINE/THREONINE-PROTEIN KINASE MTOR,MTOR,23199076.0,pKI,8.431798275933005,NM,CCNC(=O)Nc1ccc(cc1)c2nc3CN(Cc3c(n2)N4CCOCC4)S(=O)(=O)C
CHEMBL3681062,SEZSCRYHJJNBJO-UHFFFAOYSA-N,,,P42345,SERINE/THREONINE-PROTEIN KINASE MTOR,MTOR,,pKI,7.809668301829708,NM,Cn1cc(cn1)c2ccc3ncc4NC(=O)N(c5ccc(cc5)C(C)(C)C#N)c4c3n2
CHEMBL1258791,SIVDPZUZLRJEIE-UHFFFAOYSA-N,,,P42345,SERINE/THREONINE-PROTEIN KINASE MTOR,MTOR,20817449.0,pKI,7.7447274948966935,NM,COc1ncc(cn1)C2=Nc3c(C)nc(N)nc3N(C(C)C)C2=O
CHEMBL3681161,SJVMQWGTFUTOOH-GFCCVEGCSA-N,,,P42345,SERINE/THREONINE-PROTEIN KINASE MTOR,MTOR,,pKI,8.176525770829699,NM,C[C@H](CO)N1C(=O)N(C)c2cnc3ccc(nc3c12)c4cccc5[nH]ccc45
CHEMBL2181652,SJYDAILMGCNNFR-UHFFFAOYSA-N,,,P42345,SERINE/THREONINE-PROTEIN KINASE MTOR,MTOR,23199076.0,pKI,7.698970004336019,NM,CCNC(=O)Nc1ccc(cc1)c2nc3CCN(Cc3c(n2)N4CCOCC4)c5cnccn5
CHEMBL3681116,SLCANOGAKHQGGN-UHFFFAOYSA-N,,,P42345,SERINE/THREONINE-PROTEIN KINASE MTOR,MTOR,,pKI,7.598599459218456,NM,COc1ncc(cn1)c2ccc3ncc4N(C)C(=O)N(C5CCN(CCO)CC5)c4c3n2
CHEMBL2181529,SMLBTEJFDUUUOL-UHFFFAOYSA-N,,,P42345,SERINE/THREONINE-PROTEIN KINASE MTOR,MTOR,23199076.0,pKI,7.318758762624412,NM,CCNC(=O)Nc1ccc(cc1)c2nc3CCN(Cc3c(n2)N4CCOCC4)C(=O)OC(C)(C)C
CHEMBL1774380,SOAONDOGFZWZCO-DEOSSOPVSA-N,,,P42345,SERINE/THREONINE-PROTEIN KINASE MTOR,MTOR,21495671.0,pKI,8.744727494896694,NM,CCNC(=O)Nc1ccc(cc1)c2nc(N3CCOCC3)c4CO[C@@](C)(CC(C)(C)O)c4n2
CHEMBL1774382,SOAONDOGFZWZCO-XMMPIXPASA-N,,,P42345,SERINE/THREONINE-PROTEIN KINASE MTOR,MTOR,21495671.0,pKI,8.327902142064282,NM,CCNC(=O)Nc1ccc(cc1)c2nc(N3CCOCC3)c4CO[C@](C)(CC(C)(C)O)c4n2
CHEMBL3681183,SRIMYUDGKMDALL-SHTZXODSSA-N,,,P42345,SERINE/THREONINE-PROTEIN KINASE MTOR,MTOR,,pKI,9.931814138253838,NM,CN1C(=O)N([C@@H]2CC[C@@H](O)CC2)c3c1cnc4ccc(nc34)c5cnc6[nH]ncc6c5
CHEMBL3681180,SSCOZTIRCZPKOI-UHFFFAOYSA-N,,,P42345,SERINE/THREONINE-PROTEIN KINASE MTOR,MTOR,,pKI,7.841637507904751,NM,CCNC(=O)Nc1ccc(cc1)c2ccc3ncc4N(C)C(=O)N(C5CCN(CC5)C(=O)OC(C)(C)C)c4c3n2
CHEMBL3218405,SSOLRNZHGLSQCN-UHFFFAOYSA-N,,,P42345,SERINE/THREONINE-PROTEIN KINASE MTOR,MTOR,,pKI,6.823908740944319,NM,COc1ccc(cn1)C2=Cc3c(C)nc(N)nc3N(C4CCOC4)C2=O
CHEMBL3681171,SSRGSEGSPVQCAR-UHFFFAOYSA-N,,,P42345,SERINE/THREONINE-PROTEIN KINASE MTOR,MTOR,,pKI,8.334419008982048,NM,CN1C(=O)N(C2CCN(CC2)C(=O)C)c3c1cnc4ccc(nc34)c5ccnc6[nH]ncc56
CHEMBL3681063,STXIVYUSLZGPCJ-UHFFFAOYSA-N,,,P42345,SERINE/THREONINE-PROTEIN KINASE MTOR,MTOR,,pKI,7.39577394691553,NM,CN1C(=O)N(c2ccc(cc2)C(C)(C)C#N)c3c1cnc4ccc(nc34)c5cnn(C)c5
CHEMBL2375969,SUGLTXJBYXYKFN-HDICACEKSA-N,,,P42345,SERINE/THREONINE-PROTEIN KINASE MTOR,MTOR,23506825.0,pKI,7.97061622231479,NM,Cc1nc(N)nc2N([C@@H]3CC[C@@H](CC3)OCO)C(=O)C(=Cc12)c4cnc5ccccc5c4
CHEMBL2375965,SUGLTXJBYXYKFN-IYARVYRRSA-N,,,P42345,SERINE/THREONINE-PROTEIN KINASE MTOR,MTOR,23506825.0,pKI,8.106793246940152,NM,Cc1nc(N)nc2N([C@@H]3CC[C@H](CC3)OCO)C(=O)C(=Cc12)c4cnc5ccccc5c4
CHEMBL1774349,SZCIVAGLLOHSLG-UHFFFAOYSA-N,,,P42345,SERINE/THREONINE-PROTEIN KINASE MTOR,MTOR,21495671.0,pKI,8.522878745280337,NM,CCNC(=O)Nc1ccc(cc1)c2nc(N3CCOCC3)c4sc(cc4n2)C(C)(C)O
CHEMBL1774349,SZCIVAGLLOHSLG-UHFFFAOYSA-N,,,P42345,SERINE/THREONINE-PROTEIN KINASE MTOR,MTOR,23199076.0,pKI,8.522878745280337,NM,CCNC(=O)Nc1ccc(cc1)c2nc(N3CCOCC3)c4sc(cc4n2)C(C)(C)O
CHEMBL3681133,SZMGPYRCPCBJTK-UHFFFAOYSA-N,,,P42345,SERINE/THREONINE-PROTEIN KINASE MTOR,MTOR,,pKI,8.016824927962187,NM,CN(C)c1ccc(cn1)c2ccc3ncc4N(C)C(=O)N(C5CCN(C)CC5)c4c3n2
CHEMBL3681134,TUBHULNFNCFGRD-UHFFFAOYSA-N,,,P42345,SERINE/THREONINE-PROTEIN KINASE MTOR,MTOR,,pKI,7.354577730650908,NM,CN1C(=O)N(C2CCOCC2)c3c1cnc4ccc(nc34)c5cnn(CCO)c5
CHEMBL2063751,TUNIPVPSVLSKIN-UHFFFAOYSA-N,,,P42345,SERINE/THREONINE-PROTEIN KINASE MTOR,MTOR,22765900.0,pKI,7.6020599913279625,NM,CCNC(=O)Nc1ccc(cc1)c2nc3CS(=O)(=O)Cc3c(n2)N4CCOCC4
CHEMBL1090600,TUNJFTDRRDJJNG-UHFFFAOYSA-N,,,P42345,SERINE/THREONINE-PROTEIN KINASE MTOR,MTOR,20346656.0,pKI,7.229147988357855,NM,CC(C)(N)c1cc2nc(nc(N3CCOCC3)c2s1)c4cnc(N)nc4
CHEMBL573339,TUVCWJQQGGETHL-UHFFFAOYSA-N,PI-103,,P42345,SERINE/THREONINE-PROTEIN KINASE MTOR,MTOR,20804212.0,pKI,7.721246399047171,NM,Oc1cccc(c1)c2nc(N3CCOCC3)c4oc5ncccc5c4n2
CHEMBL573339,TUVCWJQQGGETHL-UHFFFAOYSA-N,PI-103,,P42345,SERINE/THREONINE-PROTEIN KINASE MTOR,MTOR,20804212.0,pKI,7.698970004336019,NM,Oc1cccc(c1)c2nc(N3CCOCC3)c4oc5ncccc5c4n2
CHEMBL2331679,TUXSNTZYUNPGSL-HNNXBMFYSA-N,,,P42345,SERINE/THREONINE-PROTEIN KINASE MTOR,MTOR,,pKI,8.3767507096021,NM,CCNC(=O)Nc1ccc(cc1)c2nc3CN(CCc3c(n2)N4CCOC[C@@H]4C)S(=O)(=O)C
CHEMBL2178614,TVBMHSCAUHDXHV-UHFFFAOYSA-N,,,P42345,SERINE/THREONINE-PROTEIN KINASE MTOR,MTOR,22946614.0,pKI,7.6777807052660805,NM,CC1(C)COC1c2cc3nc(nc(N4CCOCC4)c3s2)c5cnc(N)nc5
CHEMBL2331661,TXQHNXLSHVFBCJ-UHFFFAOYSA-N,,,P42345,SERINE/THREONINE-PROTEIN KINASE MTOR,MTOR,,pKI,8.657577319177793,NM,COc1ccc(cn1)c2ccc3ncc4N(C)C(=O)N(C5CCN(CC5)C(=O)C)c4c3n2
CHEMBL2331661,TXQHNXLSHVFBCJ-UHFFFAOYSA-N,,,P42345,SERINE/THREONINE-PROTEIN KINASE MTOR,MTOR,,pKI,8.578396073130168,NM,COc1ccc(cn1)c2ccc3ncc4N(C)C(=O)N(C5CCN(CC5)C(=O)C)c4c3n2
CHEMBL1940251,TZOLUHQWLXJGBH-XMSQKQJNSA-N,,,P42345,SERINE/THREONINE-PROTEIN KINASE MTOR,MTOR,22040023.0,pKI,5.552841968657781,NM,CC(C)n1cc(C(=O)c2cncc(N[C@@H]3CCN(C=O)[C@@H]3c4ccc(F)cc4)n2)c5c(N)ncnc15
CHEMBL3681114,UBJPZCYKCVGWGT-UHFFFAOYSA-N,,,P42345,SERINE/THREONINE-PROTEIN KINASE MTOR,MTOR,,pKI,8.047691990337874,NM,COc1ncc(cn1)c2ccc3ncc4N(C)C(=O)N(C5CCN(CC5)C(=O)CN(C)C)c4c3n2
CHEMBL3681163,UEZNYVYALSSRDB-JTQLQIEISA-N,,,P42345,SERINE/THREONINE-PROTEIN KINASE MTOR,MTOR,,pKI,6.507239610973162,NM,C[C@@H](CO)N1C(=O)N(C)c2cnc3ccc(nc3c12)c4cnn(C)c4
CHEMBL3681156,UEZNYVYALSSRDB-SNVBAGLBSA-N,,,P42345,SERINE/THREONINE-PROTEIN KINASE MTOR,MTOR,,pKI,6.283162276700476,NM,C[C@H](CO)N1C(=O)N(C)c2cnc3ccc(nc3c12)c4cnn(C)c4
CHEMBL3681157,UGFLZKMFEFZUDC-LLVKDONJSA-N,,,P42345,SERINE/THREONINE-PROTEIN KINASE MTOR,MTOR,,pKI,7.623423042943488,NM,COc1ccc(cn1)c2ccc3ncc4N(C)C(=O)N([C@H](C)CO)c4c3n2
CHEMBL3681164,UGFLZKMFEFZUDC-NSHDSACASA-N,,,P42345,SERINE/THREONINE-PROTEIN KINASE MTOR,MTOR,,pKI,7.542118103266008,NM,COc1ccc(cn1)c2ccc3ncc4N(C)C(=O)N([C@@H](C)CO)c4c3n2
CHEMBL2181524,UHBBECJRCILYHF-KRWDZBQOSA-N,,,P42345,SERINE/THREONINE-PROTEIN KINASE MTOR,MTOR,23199076.0,pKI,8.769551078621726,NM,CCNC(=O)Nc1ccc(cc1)c2nc3CN(CCc3c(n2)N4CCOC[C@@H]4C)c5cnccn5
CHEMBL1615188,UJBQBHAEDABZIB-UHFFFAOYSA-N,,,P42345,SERINE/THREONINE-PROTEIN KINASE MTOR,MTOR,21332118.0,pKI,4.6020599913279625,NM,CSc1nccc(n1)c2ccc3nc(NC(=O)C)sc3c2
CHEMBL1922090,ULKIEJUPHQMXQN-UHFFFAOYSA-N,,,P42345,SERINE/THREONINE-PROTEIN KINASE MTOR,MTOR,21981714.0,pKI,7.920818753952375,NM,Cc1c(CN2CCN(CC2)C(=O)CN)sc3c(nc(nc13)c4cnc(N)nc4)N5CCOCC5
CHEMBL2418350,UOSMQIZUJQHAMW-KRWDZBQOSA-N,,,P42345,SERINE/THREONINE-PROTEIN KINASE MTOR,MTOR,23932790.0,pKI,8.698970004336019,NM,CCNC(=O)Nc1ccc(cc1)c2nc(N3CCOC[C@@H]3CC)c4c(n2)c(C)nn4C
CHEMBL2418347,UQQNCUSOTQLDEE-KRWDZBQOSA-N,,,P42345,SERINE/THREONINE-PROTEIN KINASE MTOR,MTOR,23932790.0,pKI,8.221848749616356,NM,CCNC(=O)Nc1ccc(cc1)c2nc(N3CCOC[C@@H]3CC)c4c(ccn4C)n2
CHEMBL1258566,USZIEOAEGHOYCR-UHFFFAOYSA-N,,,P42345,SERINE/THREONINE-PROTEIN KINASE MTOR,MTOR,20817449.0,pKI,5.3979400086720375,NM,COc1ccc(cn1)C2=Cc3c(OC)nc(N)nc3N(C(C)C)C2=O
CHEMBL3681186,UUFRUWBULYMKGF-UHFFFAOYSA-N,,,P42345,SERINE/THREONINE-PROTEIN KINASE MTOR,MTOR,,pKI,6.458420756053419,NM,COCCCN1C(=O)N(C)c2cnc3ccc(nc3c12)c4ccc(OC)nc4
CHEMBL1257295,UWJFLQXOGWCELX-HDJSIYSDSA-N,,,P42345,SERINE/THREONINE-PROTEIN KINASE MTOR,MTOR,20817449.0,pKI,9.070581074285707,NM,Cc1ccc(cn1)C2=Nc3c(C)nc(N)nc3N([C@@H]4CC[C@@H](O)CC4)C2=O
CHEMBL3681070,UZFQBBSEUAZMAI-UHFFFAOYSA-N,,,P42345,SERINE/THREONINE-PROTEIN KINASE MTOR,MTOR,,pKI,8.308918507877031,NM,CNC(=O)N1CCC(CC1)N2C(=O)N(C)c3cnc4ccc(nc4c23)c5cnc6ccccc6c5
CHEMBL2057730,VJJRLZSQNXGZAK-UHFFFAOYSA-N,,,P42345,SERINE/THREONINE-PROTEIN KINASE MTOR,MTOR,22749419.0,pKI,6.721246399047171,NM,Cc1nc(N)nc2N(C3CC3)C(=O)C(=Cc12)c4cn[nH]c4
CHEMBL1668267,VKWYBOKTTPEQRK-UHFFFAOYSA-N,,,P42345,SERINE/THREONINE-PROTEIN KINASE MTOR,MTOR,21269826.0,pKI,7.886056647693163,NM,Cc1nc(N)c2cc(CN3CCOCC3)cc(C(=O)Nc4ccn[nH]4)c2n1
CHEMBL2057726,VMGMCPMGGFUNMP-UHFFFAOYSA-N,,,P42345,SERINE/THREONINE-PROTEIN KINASE MTOR,MTOR,22749419.0,pKI,7.730487055782084,NM,Cc1nc(N)nc2N(C3CCCC3)C(=O)C(=Cc12)c4cn[nH]c4
CHEMBL3681099,VMQKJOBTEJANRR-UHFFFAOYSA-N,,,P42345,SERINE/THREONINE-PROTEIN KINASE MTOR,MTOR,,pKI,7.735182176990463,NM,COc1ncc(cn1)c2ccc3ncc4N(C)C(=O)N(C5CCN(CC(=O)N(C)C)CC5)c4c3n2
CHEMBL3681112,VNHKSWWLDVWBFT-UHFFFAOYSA-N,,,P42345,SERINE/THREONINE-PROTEIN KINASE MTOR,MTOR,,pKI,8.97469413473523,NM,CN1C(=O)N(C2CCN(CC2)C(=O)NN)c3c1cnc4ccc(nc34)c5ccc(C)nc5
CHEMBL2418343,VNORXAXGKIUEIT-CYBMUJFWSA-N,,,P42345,SERINE/THREONINE-PROTEIN KINASE MTOR,MTOR,23932790.0,pKI,7.161150909262744,NM,CCNC(=O)Nc1ccc(cc1)c2nc(N3CCOC[C@H]3C)c4c(ncn4C)n2
CHEMBL2418339,VNORXAXGKIUEIT-ZDUSSCGKSA-N,,,P42345,SERINE/THREONINE-PROTEIN KINASE MTOR,MTOR,23932790.0,pKI,7.522878745280337,NM,CCNC(=O)Nc1ccc(cc1)c2nc(N3CCOC[C@@H]3C)c4c(ncn4C)n2
CHEMBL2375956,VNSCNWLXUYATCI-HDJSIYSDSA-N,,,P42345,SERINE/THREONINE-PROTEIN KINASE MTOR,MTOR,23506825.0,pKI,8.05551732784983,NM,COc1ncc(cn1)C2=Cc3c(C)nc(N)nc3N([C@@H]4CC[C@H](CC4)OCC(=O)N)C2=O
CHEMBL2375961,VNSCNWLXUYATCI-OKILXGFUSA-N,,,P42345,SERINE/THREONINE-PROTEIN KINASE MTOR,MTOR,23506825.0,pKI,7.8996294548824375,NM,COc1ncc(cn1)C2=Cc3c(C)nc(N)nc3N([C@@H]4CC[C@@H](CC4)OCC(=O)N)C2=O
CHEMBL2334764,VQCWJZWGHDLXCC-ZAAXVRCTSA-N,,,P42345,SERINE/THREONINE-PROTEIN KINASE MTOR,MTOR,23473235.0,pKI,9.00436480540245,NM,CCNC(=O)Nc1ccc(cc1)c2nc3[C@H]4CC[C@@H](Cc3c(n2)N5CCOC[C@@H]5C)N4S(=O)(=O)C
CHEMBL3681151,VSPJSQQQNHODAK-UHFFFAOYSA-N,,,P42345,SERINE/THREONINE-PROTEIN KINASE MTOR,MTOR,,pKI,6.179798540514359,NM,OCCN1C(=O)N(C2CCOCC2)c3c1cnc4ccc(nc34)c5cc[nH]n5
CHEMBL3681191,VSQITRQCJYCJJW-UHFFFAOYSA-N,,,P42345,SERINE/THREONINE-PROTEIN KINASE MTOR,MTOR,,pKI,7.987162775294828,NM,COc1cccc(c1)c2ccc3ncc4N(C)C(=O)N(C5CCN(CC5)C(=O)C)c4c3n2
CHEMBL1258678,VSXXFSSAABKDHD-UHFFFAOYSA-N,,,P42345,SERINE/THREONINE-PROTEIN KINASE MTOR,MTOR,20817449.0,pKI,5.404503778174426,NM,COc1ncccc1C2=Nc3c(C)nc(N)nc3N(C(C)C)C2=O
CHEMBL2418348,VTYVKKWVPPWPFR-ZDUSSCGKSA-N,,,P42345,SERINE/THREONINE-PROTEIN KINASE MTOR,MTOR,23932790.0,pKI,8.096910013008056,NM,CCNC(=O)Nc1ccc(cc1)c2nc(N3CCOC[C@@H]3C)c4c(cnn4C)n2
CHEMBL1940253,WAJYOJVNNBMVIM-AUSIDOKSSA-N,,,P42345,SERINE/THREONINE-PROTEIN KINASE MTOR,MTOR,22040023.0,pKI,5.4089353929735005,NM,CC(C)n1cc(C(=O)c2cncc(N[C@@H]3CCN([C@@H]3c4ccccc4)C(=O)C)n2)c5c(N)ncnc15
CHEMBL3681092,WAMJHIPLMJJLBJ-UHFFFAOYSA-N,,,P42345,SERINE/THREONINE-PROTEIN KINASE MTOR,MTOR,,pKI,7.903089986991944,NM,CN(C)c1ccc(cn1)c2ccc3ncc4N(C)C(=O)N(C5CCN(CC(F)(F)F)CC5)c4c3n2
CHEMBL3681166,WDUHBSJUNVATLX-HNNXBMFYSA-N,,,P42345,SERINE/THREONINE-PROTEIN KINASE MTOR,MTOR,,pKI,8.749579997691106,NM,CNC(=O)Nc1ccc(cc1)c2ccc3ncc4N(C)C(=O)N(C5CCN(CC5)C(=O)[C@H](C)O)c4c3n2
CHEMBL3681125,WIDRBUSEFGYJCE-UHFFFAOYSA-N,,,P42345,SERINE/THREONINE-PROTEIN KINASE MTOR,MTOR,,pKI,8.987162775294827,NM,CN1C(=O)N(C2CCOCC2)c3c1cnc4ccc(nc34)c5cn[nH]c5
CHEMBL3681173,WJLXKJVDEMAVDD-ZDUSSCGKSA-N,,,P42345,SERINE/THREONINE-PROTEIN KINASE MTOR,MTOR,,pKI,8.772113295386326,NM,C[C@H](O)C(=O)N1CCC(CC1)N2C(=O)N(C)c3cnc4ccc(nc4c23)c5ccnc6[nH]ncc56
CHEMBL2334757,WLQPHPRJRBGPBN-NBCNXNJRSA-N,,,P42345,SERINE/THREONINE-PROTEIN KINASE MTOR,MTOR,23473235.0,pKI,7.6777807052660805,NM,CCNC(=O)Nc1ccc(cc1)c2nc3C[C@H]4CC[C@H](N4C5COC5)c3c(n2)N6CCOC[C@@H]6C
CHEMBL2334756,WLQPHPRJRBGPBN-XWFZLUIHSA-N,6-AZA-PAT,,P42345,SERINE/THREONINE-PROTEIN KINASE MTOR,MTOR,23473235.0,pKI,7.853871964321762,NM,CCNC(=O)Nc1ccc(cc1)c2nc3C[C@@H]4CC[C@@H](N4C5COC5)c3c(n2)N6CCOC[C@@H]6C
CHEMBL3681111,WOXZNIHCGOBWSW-UHFFFAOYSA-N,,,P42345,SERINE/THREONINE-PROTEIN KINASE MTOR,MTOR,,pKI,8.415668775632469,NM,CN1C(=O)N(C2CCN(CC2)C(=O)CN)c3c1cnc4ccc(nc34)c5ccc(C)nc5
CHEMBL2181522,WQBAZXIQANTUOY-KRWDZBQOSA-N,,,P42345,SERINE/THREONINE-PROTEIN KINASE MTOR,MTOR,23199076.0,pKI,8.823908740944319,NM,CCNC(=O)Nc1ccc(cc1)c2nc3CN(CCc3c(n2)N4CCOC[C@@H]4C)c5ncccn5
CHEMBL2181522,WQBAZXIQANTUOY-KRWDZBQOSA-N,,,P42345,SERINE/THREONINE-PROTEIN KINASE MTOR,MTOR,,pKI,8.823908740944319,NM,CCNC(=O)Nc1ccc(cc1)c2nc3CN(CCc3c(n2)N4CCOC[C@@H]4C)c5ncccn5
CHEMBL2331685,WQBQXDKHMCARPM-KRWDZBQOSA-N,,,P42345,SERINE/THREONINE-PROTEIN KINASE MTOR,MTOR,,pKI,7.872895201635193,NM,CCNC1=C(Nc2ccc(cc2)c3nc4CN(CCc4c(n3)N5CCOC[C@@H]5C)c6ncccn6)C(=O)C1=O
CHEMBL3681140,WRJSXCWYFAJORN-OAHLLOKOSA-N,,,P42345,SERINE/THREONINE-PROTEIN KINASE MTOR,MTOR,,pKI,8.7594507517174,NM,C[C@@H](O)C(=O)N1CCC(CC1)N2C(=O)N(C)c3cnc4ccc(nc4c23)c5ccc(nc5)N(C)C
CHEMBL2418341,WRTOVIRXJCSIDO-AWEZNQCLSA-N,,,P42345,SERINE/THREONINE-PROTEIN KINASE MTOR,MTOR,23932790.0,pKI,7.3979400086720375,NM,CCNC(=O)Nc1ccc(cc1)c2nc(N3CCOC[C@@H]3C)c4c(ncn4CC)n2
CHEMBL3681101,WVOHESNLMJHDRK-UHFFFAOYSA-N,,,P42345,SERINE/THREONINE-PROTEIN KINASE MTOR,MTOR,,pKI,7.135488918941608,NM,CN1C(=O)N(C2CCN(CC2)c3ncccn3)c4c1cnc5ccc(nc45)c6ccc(C)nc6
CHEMBL2063757,WYMTXCBVHNGIIC-AWEZNQCLSA-N,,,P42345,SERINE/THREONINE-PROTEIN KINASE MTOR,MTOR,22765900.0,pKI,7.301029995663981,NM,CCNC(=O)Nc1ccc(cc1)c2nc3CCCS(=O)(=O)c3c(n2)N4CCOC[C@@H]4C
CHEMBL1234354,XDLYKKIQACFMJG-WKILWMFISA-N,PF-04691502,,P42345,SERINE/THREONINE-PROTEIN KINASE MTOR,MTOR,23506825.0,pKI,7.795880017344075,NM,COc1ccc(cn1)C2=Cc3c(C)nc(N)nc3N([C@@H]4CC[C@H](CC4)OCCO)C2=O
CHEMBL1234354,XDLYKKIQACFMJG-WKILWMFISA-N,PF-04691502,,P42345,SERINE/THREONINE-PROTEIN KINASE MTOR,MTOR,,pKI,7.795880017344075,NM,COc1ccc(cn1)C2=Cc3c(C)nc(N)nc3N([C@@H]4CC[C@H](CC4)OCCO)C2=O
CHEMBL1234354,XDLYKKIQACFMJG-WKILWMFISA-N,PF-04691502,,P42345,SERINE/THREONINE-PROTEIN KINASE MTOR,MTOR,,pKI,7.795880017344075,NM,COc1ccc(cn1)C2=Cc3c(C)nc(N)nc3N([C@@H]4CC[C@H](CC4)OCCO)C2=O
CHEMBL2057728,XDXSZXPYYXPVRA-UHFFFAOYSA-N,,,P42345,SERINE/THREONINE-PROTEIN KINASE MTOR,MTOR,22749419.0,pKI,7.290730039024169,NM,Cc1nc(N)nc2N(C3CCC3)C(=O)C(=Cc12)c4cn[nH]c4
CHEMBL2331687,XOVPWJKTKOAVEP-KRWDZBQOSA-N,,,P42345,SERINE/THREONINE-PROTEIN KINASE MTOR,MTOR,,pKI,9.397940008672037,NM,C[C@H]1COCCN1c2nc(nc3CN(CCc23)c4ncccn4)c5ccc(NC6=NC=CC(=O)N6)cc5
CHEMBL2178608,XOZLHJMDLKDZAL-UHFFFAOYSA-N,,,P42345,SERINE/THREONINE-PROTEIN KINASE MTOR,MTOR,22946614.0,pKI,8.045757490560675,NM,COC1(COC1)c2sc3c(nc(nc3c2C)c4cnc(N)nc4)N5CCOCC5
CHEMBL2017653,XPMQWMAEFFQIRZ-UHFFFAOYSA-N,,,P42345,SERINE/THREONINE-PROTEIN KINASE MTOR,MTOR,,pKI,5.607303046740334,NM,Clc1ccc(c(Cl)c1)c2c(C#N)c(sc2c3ncn[nH]3)N4CCOCC4
CHEMBL3681142,XQLUKUIXLCBLHW-UHFFFAOYSA-N,,,P42345,SERINE/THREONINE-PROTEIN KINASE MTOR,MTOR,,pKI,8.640164517660113,NM,CN(C)c1ccc(cn1)c2ccc3ncc4N(C)C(=O)N(C5CCN(CC5)C(=O)CO)c4c3n2
CHEMBL1774353,XQPKHRSBCBVPLK-AWEZNQCLSA-N,,,P42345,SERINE/THREONINE-PROTEIN KINASE MTOR,MTOR,21495671.0,pKI,8.853871964321762,NM,CCNC(=O)Nc1ccc(cc1)c2nc(N3CCOC[C@@H]3C)c4COC(C)(C)c4n2
CHEMBL3681106,XRLJNYCQTCOLHF-UHFFFAOYSA-N,,,P42345,SERINE/THREONINE-PROTEIN KINASE MTOR,MTOR,,pKI,7.396855627379818,NM,CN1CCC(CC1)N2C(=O)N(C)c3cnc4ccc(nc4c23)c5ccc(C)nc5
CHEMBL2057732,XSTNXAHHGBGWCQ-UHFFFAOYSA-N,,,P42345,SERINE/THREONINE-PROTEIN KINASE MTOR,MTOR,22749419.0,pKI,6.178486471595227,NM,CCN(CC)N1C(=O)C(=Cc2c(C)nc(N)nc12)c3cn[nH]c3
CHEMBL1774361,XTXABAFHFAKGDD-IVCQMTBJSA-N,,,P42345,SERINE/THREONINE-PROTEIN KINASE MTOR,MTOR,21495671.0,pKI,9.0,NM,CCNC(=O)Nc1ccc(cc1)c2nc(N3CCOC[C@@H]3C)c4CO[C@](C)(CC5CC5)c4n2
CHEMBL1774362,XTXABAFHFAKGDD-LMKMVOKYSA-N,,,P42345,SERINE/THREONINE-PROTEIN KINASE MTOR,MTOR,21495671.0,pKI,8.886056647693163,NM,CCNC(=O)Nc1ccc(cc1)c2nc(N3CCOC[C@@H]3C)c4CO[C@@](C)(CC5CC5)c4n2
CHEMBL2376095,XYDOOSSZZGUDEI-GASCZTMLSA-N,,,P42345,SERINE/THREONINE-PROTEIN KINASE MTOR,MTOR,23506825.0,pKI,7.892790030352131,NM,COc1ccc(cn1)C2=Cc3c(C)nc(N)nc3N([C@@H]4CC[C@@H](CC4)OCO)C2=O
CHEMBL3681072,YFGOJBFMIXWXSD-UHFFFAOYSA-N,,,P42345,SERINE/THREONINE-PROTEIN KINASE MTOR,MTOR,,pKI,8.312471038785366,NM,CC(C)C(=O)N1CCC(CC1)N2C(=O)N(C)c3cnc4ccc(nc4c23)c5cnc6ccccc6c5
CHEMBL1773085,YGABZLHQYXEOHY-ZDUSSCGKSA-N,,,P42345,SERINE/THREONINE-PROTEIN KINASE MTOR,MTOR,21495671.0,pKI,8.920818753952375,NM,CCNC(=O)Nc1ccc(cc1)c2nc(N3CCOC[C@@H]3C)c4C(=O)OC(C)(C)c4n2
CHEMBL2331682,YHIZMVWXSFIBPW-UHFFFAOYSA-N,,,P42345,SERINE/THREONINE-PROTEIN KINASE MTOR,MTOR,,pKI,8.568636235841012,NM,FCCNC(=O)Nc1ccc(cc1)c2nc3CN(CCc3c(n2)N4CCOCC4)c5ncccn5
CHEMBL1234917,YIFGKPFEGAUADP-UHFFFAOYSA-N,,,P42345,SERINE/THREONINE-PROTEIN KINASE MTOR,MTOR,20817449.0,pKI,8.045757490560675,NM,CC(C)N1C(=O)C(=Nc2c(C)nc(N)nc12)c3cn[nH]c3
CHEMBL2057736,YJFBSFMYXTWDGD-UHFFFAOYSA-N,,,P42345,SERINE/THREONINE-PROTEIN KINASE MTOR,MTOR,22749419.0,pKI,6.565431095965801,NM,COc1ncc(cc1F)C2=Cc3c(C)nc(N)nc3N(N4CCCC4)C2=O
CHEMBL3681137,YMXMANNCXGRUKW-UHFFFAOYSA-N,,,P42345,SERINE/THREONINE-PROTEIN KINASE MTOR,MTOR,,pKI,8.122053048370812,NM,CN1C(=O)N(C2CCN(CC(=O)N)CC2)c3c1cnc4ccc(nc34)c5cnn(C)c5
CHEMBL3681147,YOFCCRUHRZFAHE-UHFFFAOYSA-N,,,P42345,SERINE/THREONINE-PROTEIN KINASE MTOR,MTOR,,pKI,7.804100347590766,NM,OCCN1C(=O)N(C2CCOCC2)c3c1cnc4ccc(nc34)c5cn[nH]c5
CHEMBL1922094,YOVVNQKCSKSHKT-HNNXBMFYSA-N,APITOLISIB,,P42345,SERINE/THREONINE-PROTEIN KINASE MTOR,MTOR,21981714.0,pKI,7.769551078621726,NM,C[C@H](O)C(=O)N1CCN(Cc2sc3c(nc(nc3c2C)c4cnc(N)nc4)N5CCOCC5)CC1
CHEMBL1922094,YOVVNQKCSKSHKT-HNNXBMFYSA-N,APITOLISIB,,P42345,SERINE/THREONINE-PROTEIN KINASE MTOR,MTOR,,pKI,7.769551078621726,NM,C[C@H](O)C(=O)N1CCN(Cc2sc3c(nc(nc3c2C)c4cnc(N)nc4)N5CCOCC5)CC1
CHEMBL3681086,YPJJBVBXXWPJQT-UHFFFAOYSA-N,,,P42345,SERINE/THREONINE-PROTEIN KINASE MTOR,MTOR,,pKI,8.14206473528057,NM,CN1C(=O)N(C2CCN(CC2)C(=O)C(C)(C)O)c3c1cnc4ccc(nc34)c5cnc6ccccc6c5
CHEMBL1774351,YRPYSBTYOXXVGG-UHFFFAOYSA-N,,,P42345,SERINE/THREONINE-PROTEIN KINASE MTOR,MTOR,21495671.0,pKI,7.6020599913279625,NM,CCNC(=O)Nc1ccc(cc1)c2nc3CCOCc3c(n2)N4CCOCC4
CHEMBL2331669,YVXILUOSLZRLOG-AWEZNQCLSA-N,,,P42345,SERINE/THREONINE-PROTEIN KINASE MTOR,MTOR,,pKI,8.580044251510243,NM,C[C@H](O)C(=O)N1CCC(CC1)N2C(=O)N(C)c3cnc4ccc(nc4c23)c5cccc6[nH]ncc56
CHEMBL2331669,YVXILUOSLZRLOG-AWEZNQCLSA-N,,,P42345,SERINE/THREONINE-PROTEIN KINASE MTOR,MTOR,,pKI,8.578396073130168,NM,C[C@H](O)C(=O)N1CCC(CC1)N2C(=O)N(C)c3cnc4ccc(nc4c23)c5cccc6[nH]ncc56
CHEMBL3681079,YWKQALJDAFOFGE-HDJSIYSDSA-N,,,P42345,SERINE/THREONINE-PROTEIN KINASE MTOR,MTOR,,pKI,8.856985199745905,NM,COc1ccc(cn1)c2ccc3ncc4NC(=O)N([C@@H]5CC[C@@H](O)CC5)c4c3n2
CHEMBL3681131,YXAZHKOUFFBQCQ-UHFFFAOYSA-N,,,P42345,SERINE/THREONINE-PROTEIN KINASE MTOR,MTOR,,pKI,8.358525889495901,NM,CN(C)c1ccc(cn1)c2ccc3ncc4N(C)C(=O)N(C5CCN(CC5)C(=O)C(C)(C)C)c4c3n2
CHEMBL1774371,YXCSOVNWVXUYBY-GKVSMKOHSA-N,,,P42345,SERINE/THREONINE-PROTEIN KINASE MTOR,MTOR,21495671.0,pKI,8.154901959985743,NM,CCNC(=O)Nc1ccc(cc1)c2nc(N3CCOC[C@@H]3C)c4CO[C@@](C)(CCN(C)C)c4n2
CHEMBL1774372,YXCSOVNWVXUYBY-SSOJOUAXSA-N,,,P42345,SERINE/THREONINE-PROTEIN KINASE MTOR,MTOR,21495671.0,pKI,7.2076083105017466,NM,CCNC(=O)Nc1ccc(cc1)c2nc(N3CCOC[C@@H]3C)c4CO[C@](C)(CCN(C)C)c4n2
CHEMBL3681108,YXFAAQVTSYIBFS-UHFFFAOYSA-N,,,P42345,SERINE/THREONINE-PROTEIN KINASE MTOR,MTOR,,pKI,8.85078088734462,NM,CN1C(=O)N(C2CCN(CC(=O)N)CC2)c3c1cnc4ccc(nc34)c5ccc(C)nc5
CHEMBL1938415,YXZBQCQAYNRRFP-IEBWSBKVSA-N,,,P42345,SERINE/THREONINE-PROTEIN KINASE MTOR,MTOR,22040023.0,pKI,6.301029995663981,NM,CC(C)n1cc(C(=O)c2cncc(N[C@@H]3COC[C@@H]3c4ccc(F)cc4)n2)c5c(N)ncnc15
CHEMBL3681105,ZDEXVDRHVRCKFR-HDJSIYSDSA-N,,,P42345,SERINE/THREONINE-PROTEIN KINASE MTOR,MTOR,,pKI,8.143875555757699,NM,CN1C(=O)N([C@@H]2CC[C@@H](O)CC2)c3c1cnc4ccc(nc34)c5cnn(C)c5
CHEMBL2181658,ZJTUKGNZFLSUBN-UHFFFAOYSA-N,,,P42345,SERINE/THREONINE-PROTEIN KINASE MTOR,MTOR,23199076.0,pKI,8.187086643357144,NM,CCNC(=O)Nc1ccc(cc1)c2nc3CN(CCc3c(n2)N4CCOCC4)C(=O)c5ccccc5
CHEMBL2017648,ZKIFWXXJISFGDP-UHFFFAOYSA-N,,,P42345,SERINE/THREONINE-PROTEIN KINASE MTOR,MTOR,,pKI,6.36251027048749,NM,Clc1ccc(cc1)c2c(C#N)c(sc2c3nc[nH]n3)N4CCOCC4
CHEMBL3681182,ZLASBNFOQVWTOW-WKILWMFISA-N,,,P42345,SERINE/THREONINE-PROTEIN KINASE MTOR,MTOR,,pKI,9.44490555142168,NM,CN1C(=O)N([C@@H]2CC[C@@H](O)CC2)c3c1cnc4ccc(nc34)c5ccc6[nH]ncc6c5
CHEMBL3681129,ZLGGEHMGVUVIHP-UHFFFAOYSA-N,,,P42345,SERINE/THREONINE-PROTEIN KINASE MTOR,MTOR,,pKI,7.140861702705469,NM,CN1C(=O)N(C2CCOCC2)c3c1cnc4ccc(nc34)c5cnn(C)c5
CHEMBL3681175,ZQVPQBARVVEJLR-CYBMUJFWSA-N,,,P42345,SERINE/THREONINE-PROTEIN KINASE MTOR,MTOR,,pKI,9.61798295742513,NM,C[C@@H](O)C(=O)N1CCC(CC1)N2C(=O)N(C)c3cnc4ccc(nc4c23)c5cnc6[nH]ncc6c5
CHEMBL2181664,ZXQOTUSTYCUIBX-UHFFFAOYSA-N,,,P42345,SERINE/THREONINE-PROTEIN KINASE MTOR,MTOR,23199076.0,pKI,8.522878745280337,NM,CCNC(=O)Nc1ccc(cc1)c2nc3CN(Cc3c(n2)N4CCOCC4)c5ncccn5
CHEMBL3218579,ZYJHGGZORZZVEJ-OQJVAOMSSA-N,,,P42345,SERINE/THREONINE-PROTEIN KINASE MTOR,MTOR,,pKI,7.795880017344075,NM,COc1ccc(cn1)C2=CC3C(N=C(N)N=C3C)N([C@@H]4CC[C@H](CC4)OCCO)C2=O
CHEMBL3639799,ZZMGXCJDWSUNES-IYARVYRRSA-N,,,P42345,SERINE/THREONINE-PROTEIN KINASE MTOR,MTOR,,pKI,8.044793462458058,NM,CN(C)c1ccc(cn1)c2ccc3ncc4N(C)C(=O)N([C@@H]5CC[C@H](CC5)OCCO)c4c3n2
