CHEMBL1957498,ABOMOADQIGPATC-UHFFFAOYSA-N,,,P48736,PI3-KINASE P110-GAMMA SUBUNIT,PIK3CG,22325943.0,pKI,6.301029995663981,NM,CS(=O)(=O)N1CCN(Cc2nc3c(nc(cn3c2Br)c4cccc5[nH]ncc45)N6CCOCC6)CC1
CHEMBL3401980,ACXVCLUGFVYVMQ-DFYNNNJYSA-N,,,P48736,PI3-KINASE P110-GAMMA SUBUNIT,PIK3CG,25827523.0,pKI,5.823908740944319,NM,CC(=O)NS(=O)(=O)[C@H]1C2CCC(CC2)[C@@H]1Nc3nc(ncc3F)c4c[nH]c5ncc(F)cc45
CHEMBL3586668,AEBGEOPWIKDRRJ-UHFFFAOYSA-N,,,P48736,PI3-KINASE P110-GAMMA SUBUNIT,PIK3CG,26121481.0,pKI,10.886056647693163,NM,COc1cc(cnc1OC)N2CCc3nc(NC(=O)C)sc3C2
CHEMBL3586667,AKXHXILPRZZFHJ-UHFFFAOYSA-N,,,P48736,PI3-KINASE P110-GAMMA SUBUNIT,PIK3CG,26121481.0,pKI,9.481486060122112,NM,COc1ccc(cn1)N2CCc3nc(NC(=O)C)sc3C2
CHEMBL3586669,ANJGGDQTTMJUNE-UHFFFAOYSA-N,,,P48736,PI3-KINASE P110-GAMMA SUBUNIT,PIK3CG,26121481.0,pKI,10.619788758288394,NM,COc1cc(cnc1Cl)N2CCc3nc(NC(=O)C)sc3C2
CHEMBL2087483,AQWQIQDUUYUMGY-HNNXBMFYSA-N,,,P48736,PI3-KINASE P110-GAMMA SUBUNIT,PIK3CG,22520259.0,pKI,6.906578314837765,NM,C[C@H]1CN(Cc2cn3cc(nc(N4CCOCC4)c3n2)c5cnc(N)nc5)CCN1S(=O)(=O)C
CHEMBL3356887,ATLCNPBFKZUOFJ-UHFFFAOYSA-N,,,P48736,PI3-KINASE P110-GAMMA SUBUNIT,PIK3CG,24754609.0,pKI,7.356547323513812,NM,CC(=O)Nc1nc2ccc(cc2s1)c3cncc(c3)C#N
CHEMBL2165015,AXHJCTAXCZSLFA-UHFFFAOYSA-N,,,P48736,PI3-KINASE P110-GAMMA SUBUNIT,PIK3CG,22548365.0,pKI,7.7447274948966935,NM,COC(=O)N1CCN(Cc2cnc(Nc3ccc(OC)nc3)c(c2)c4nc(C)nc(N)n4)CC1
CHEMBL2165007,AXVUBWYMDBEDQM-UHFFFAOYSA-N,,,P48736,PI3-KINASE P110-GAMMA SUBUNIT,PIK3CG,22548365.0,pKI,8.154901959985743,NM,COc1ccc(Nc2ncc(Cc3ccc(cc3)S(=O)(=O)C)cc2c4nc(C)nc(N)n4)cn1
CHEMBL2387080,BEUQXVWXFDOSAQ-UHFFFAOYSA-N,TASELISIB,,P48736,PI3-KINASE P110-GAMMA SUBUNIT,PIK3CG,23662903.0,pKI,9.013228265733755,NM,CC(C)n1nc(C)nc1c2cn3CCOc4cc(ccc4c3n2)c5cnn(c5)C(C)(C)C(=O)N
CHEMBL2206904,BHEMPSVJQFJQIN-UHFFFAOYSA-N,,,P48736,PI3-KINASE P110-GAMMA SUBUNIT,PIK3CG,22832322.0,pKI,8.657577319177793,NM,COc1cnc(Nc2cnc(Cl)c(NS(=O)(=O)N(C)C)c2)c(c1)c3nc(C)nc(N)n3
CHEMBL3586666,BJLFVHWVPYZOBS-UHFFFAOYSA-N,,,P48736,PI3-KINASE P110-GAMMA SUBUNIT,PIK3CG,26121481.0,pKI,10.318758762624412,NM,COc1cncc(c1)N2CCc3nc(NC(=O)C)sc3C2
CHEMBL2071330,BNPONKLNSVKAJY-UHFFFAOYSA-N,,,P48736,PI3-KINASE P110-GAMMA SUBUNIT,PIK3CG,22863202.0,pKI,6.73754891026957,NM,CC(=O)Nc1nc(C)c(s1)c2ccc(c(F)c2)S(=O)(=O)C
CHEMBL2165045,BOTIAYBHKRBVMN-UHFFFAOYSA-N,,,P48736,PI3-KINASE P110-GAMMA SUBUNIT,PIK3CG,22548365.0,pKI,5.585026652029182,NM,Cc1cc(nc(N)n1)c2cccnc2Nc3cccc(O)c3
CHEMBL2170085,BTHPXDNRFHNRDI-KRWDZBQOSA-N,,,P48736,PI3-KINASE P110-GAMMA SUBUNIT,PIK3CG,22897589.0,pKI,7.468521082957745,NM,COc1ncc(Nc2ncc(cc2c3nc(C)nc(N)n3)[C@H](N4CCN(CC4)S(=O)(=O)C)C(F)(F)F)cc1F
CHEMBL2170084,BTHPXDNRFHNRDI-QGZVFWFLSA-N,,,P48736,PI3-KINASE P110-GAMMA SUBUNIT,PIK3CG,22897589.0,pKI,7.698970004336019,NM,COc1ncc(Nc2ncc(cc2c3nc(C)nc(N)n3)[C@@H](N4CCN(CC4)S(=O)(=O)C)C(F)(F)F)cc1F
CHEMBL3401983,BZIKSZZVJAQWMC-SBBZOCNPSA-N,,,P48736,PI3-KINASE P110-GAMMA SUBUNIT,PIK3CG,25827523.0,pKI,5.958607314841775,NM,NS(=O)(=O)[C@H]1C2CCC(CC2)[C@@H]1Nc3nc(ncc3F)c4c[nH]c5ncc(F)cc45
CHEMBL2071327,CDPSHQONYNLIBI-UHFFFAOYSA-N,,,P48736,PI3-KINASE P110-GAMMA SUBUNIT,PIK3CG,22863202.0,pKI,6.638272163982407,NM,CC(=O)Nc1nc(C)c(s1)c2ccc(cc2)S(=O)(=O)C
CHEMBL2165006,CGJYZCCLUUIRAJ-UHFFFAOYSA-N,,,P48736,PI3-KINASE P110-GAMMA SUBUNIT,PIK3CG,22548365.0,pKI,7.958607314841775,NM,COc1ccc(Nc2ncc(Cc3ccccc3)cc2c4nc(C)nc(N)n4)cn1
CHEMBL2071338,CKUSCWLPGIBNJZ-HNNXBMFYSA-N,,,P48736,PI3-KINASE P110-GAMMA SUBUNIT,PIK3CG,22863202.0,pKI,6.275724130399211,NM,Cc1nc(NC(=O)N2CCC[C@H]2C(=O)N)sc1c3ccc(cc3)n4cccn4
CHEMBL2165036,CNVZEXBATVQXBV-UHFFFAOYSA-N,,,P48736,PI3-KINASE P110-GAMMA SUBUNIT,PIK3CG,22548365.0,pKI,5.443697499232712,NM,Nc1cc(nc(n1)C(F)(F)F)c2cccnc2Nc3cccc4[nH]ncc34
CHEMBL2071329,CPDASYVBDNZTSW-UHFFFAOYSA-N,,,P48736,PI3-KINASE P110-GAMMA SUBUNIT,PIK3CG,22863202.0,pKI,7.494850021680094,NM,CC(=O)Nc1nc(C)c(s1)c2ccc(c(Br)c2)S(=O)(=O)C
CHEMBL2170092,DDOGMZTWQKWDBQ-UHFFFAOYSA-N,,,P48736,PI3-KINASE P110-GAMMA SUBUNIT,PIK3CG,22897589.0,pKI,7.6777807052660805,NM,Cc1nc(N)nc(n1)c2cc(CN3CCN(CC3)S(=O)(=O)C)cnc2Nc4ccc(Cl)nc4
CHEMBL3401979,DFYXXJJSVFEUQI-DJZCKWSOSA-N,,,P48736,PI3-KINASE P110-GAMMA SUBUNIT,PIK3CG,25827523.0,pKI,6.1249387366083,NM,Oc1onc(c1)[C@H]2C3CCC(CC3)[C@@H]2Nc4nc(ncc4F)c5c[nH]c6ncc(F)cc56
CHEMBL2165027,DLFVITASTHEQDC-UHFFFAOYSA-N,,,P48736,PI3-KINASE P110-GAMMA SUBUNIT,PIK3CG,22548365.0,pKI,8.045757490560675,NM,COCc1cnc(Nc2ccc(OC)nc2)c(c1)c3nc(C)nc(N)n3
CHEMBL3356894,DLRVZLMCDLOVJL-UHFFFAOYSA-N,,,P48736,PI3-KINASE P110-GAMMA SUBUNIT,PIK3CG,24754609.0,pKI,6.721246399047171,NM,COc1cncc(c1)c2ccc3nc(NC(=O)NCCCN(C)C)sc3c2
CHEMBL3401978,DMGXNXJIKAWOHP-JJIXEQETSA-N,,,P48736,PI3-KINASE P110-GAMMA SUBUNIT,PIK3CG,25827523.0,pKI,6.200659450546418,NM,Fc1cnc2[nH]cc(c3ncc(F)c(N[C@H]4C5CCC(CC5)[C@@H]4CN6OC(=O)NC6=O)n3)c2c1
CHEMBL2171924,DYLIFUUUVWZNRQ-UHFFFAOYSA-N,,,P48736,PI3-KINASE P110-GAMMA SUBUNIT,PIK3CG,22876881.0,pKI,5.134303940083929,NM,Cc1c(nc2cc(F)ccc2c1N3CC4(CS(=O)(=O)C4)c5ccc(cc35)N6CCOCC6)c7ccccn7
CHEMBL2165025,DYLZJJGYKQIVGK-UHFFFAOYSA-N,,,P48736,PI3-KINASE P110-GAMMA SUBUNIT,PIK3CG,22548365.0,pKI,8.045757490560675,NM,COc1cnc(Nc2ccc(OC)nc2)c(c1)c3nc(C)nc(N)n3
CHEMBL2170090,DZRQGNOLDZNGKA-UHFFFAOYSA-N,,,P48736,PI3-KINASE P110-GAMMA SUBUNIT,PIK3CG,22897589.0,pKI,8.045757490560675,NM,COc1ncc(Nc2ncc(cc2c3nc(C)nc(N)n3)C(C)(C)N4CCN(CC4)S(=O)(=O)C)cc1F
CHEMBL3586671,FAKCVIQSIHNJKW-UHFFFAOYSA-N,,,P48736,PI3-KINASE P110-GAMMA SUBUNIT,PIK3CG,26121481.0,pKI,10.18045606445813,NM,CCNC(=O)Nc1nc2CCN(Cc2s1)c3cncc(OC)c3
CHEMBL3356890,FCUXHSRTPCBJMI-UHFFFAOYSA-N,,,P48736,PI3-KINASE P110-GAMMA SUBUNIT,PIK3CG,24754609.0,pKI,7.721246399047171,NM,CCc1ncc(cc1OC)c2ccc3nc(NC(=O)C)sc3c2
CHEMBL1615182,FEBJYEFFVIDUNF-UHFFFAOYSA-N,,,P48736,PI3-KINASE P110-GAMMA SUBUNIT,PIK3CG,22548365.0,pKI,6.920818753952375,NM,Oc1cccc(Nc2nc3ccccc3n2c4ncnc(NCC#N)n4)c1
CHEMBL2418943,FFIJKEOXPCFSSY-UHFFFAOYSA-N,,,P48736,PI3-KINASE P110-GAMMA SUBUNIT,PIK3CG,24754609.0,pKI,7.886056647693163,NM,COc1cc(cnc1N)c2ccc3nc(NC(=O)C)sc3c2
CHEMBL3356888,FGVASWBGGOBISG-UHFFFAOYSA-N,,,P48736,PI3-KINASE P110-GAMMA SUBUNIT,PIK3CG,24754609.0,pKI,7.443697499232712,NM,COc1ccc(cn1)c2ccc3nc(NC(=O)C)sc3c2
CHEMBL1822054,FHOXICOTPQTJOQ-UHFFFAOYSA-N,,,P48736,PI3-KINASE P110-GAMMA SUBUNIT,PIK3CG,21714526.0,pKI,8.721246399047171,NM,CC(=O)Nc1cn2nc(ccc2n1)c3cnc(Cl)c(NS(=O)(=O)c4ccc(F)cc4)c3
CHEMBL2165022,FPDKFSHCGOROGZ-UHFFFAOYSA-N,,,P48736,PI3-KINASE P110-GAMMA SUBUNIT,PIK3CG,22548365.0,pKI,7.3979400086720375,NM,COc1ccc(Nc2ncc(Cl)cc2c3nc(C)nc(N)n3)cn1
CHEMBL3401986,FQAOJJZIGINGIO-VOGSPBGVSA-N,,,P48736,PI3-KINASE P110-GAMMA SUBUNIT,PIK3CG,25827523.0,pKI,5.3979400086720375,NM,CNC(=O)[C@H]1C2CCC(CC2)[C@@H]1Nc3nc(ncc3F)c4c[nH]c5ncc(F)cc45
CHEMBL2331664,GACQNUHFDBEIQH-HNNXBMFYSA-N,PF-04979064,,P48736,PI3-KINASE P110-GAMMA SUBUNIT,PIK3CG,,pKI,9.954677021213342,NM,C[C@H](O)C(=O)N1CCC(CC1)N2C(=O)N(C)c3cnc4ccc(nc4c23)c5ccc(C)nc5
CHEMBL2171925,GHDPSZSZAZSGTG-UHFFFAOYSA-N,,,P48736,PI3-KINASE P110-GAMMA SUBUNIT,PIK3CG,22876881.0,pKI,4.795880017344075,NM,Cc1c(N2CC(CO)(CO)c3ccc(cc23)N4CCOCC4)c5ccc(F)cc5nc1c6ccccn6
CHEMBL2071335,GOGGLHLMEJTXOK-ZDUSSCGKSA-N,,,P48736,PI3-KINASE P110-GAMMA SUBUNIT,PIK3CG,22863202.0,pKI,5.235823867609669,NM,Cc1nc(NC(=O)N2CCC[C@H]2C(=O)N)sc1c3ccc(cc3)S(=O)(=O)C
CHEMBL1957505,GOKBGUCIHYFXGK-UHFFFAOYSA-N,,,P48736,PI3-KINASE P110-GAMMA SUBUNIT,PIK3CG,22325943.0,pKI,6.301029995663981,NM,CN(C)CCCNC(=O)c1cn2cc(nc(N3CCOCC3)c2n1)c4cccc5[nH]ncc45
CHEMBL3401975,GUZDKGKFDUYPQP-SBBZOCNPSA-N,,,P48736,PI3-KINASE P110-GAMMA SUBUNIT,PIK3CG,25827523.0,pKI,5.5376020021010435,NM,Fc1cnc2[nH]cc(c3ncc(F)c(N[C@H]4C5CCC(CC5)[C@@H]4c6nnn[nH]6)n3)c2c1
CHEMBL3545097,GYLDXIAOMVERTK-UHFFFAOYSA-N,MLN-0128,,Q9JHG7,"PHOSPHATIDYLINOSITOL 4,5-BISPHOSPHATE 3-KINASE CATALYTIC SUBUNIT GAMMA ISOFORM",PIK3CG,22367541.0,pKI,6.782516055786093,NM,CC(C)n1nc(c2ccc3oc(N)nc3c2)c4c(N)ncnc14
CHEMBL2165035,HARJKCVVWJVELN-UHFFFAOYSA-N,,,P48736,PI3-KINASE P110-GAMMA SUBUNIT,PIK3CG,22548365.0,pKI,6.481486060122113,NM,Cc1nc(N)c(F)c(n1)c2cccnc2Nc3cccc4[nH]ncc34
CHEMBL3586672,HEZDNJBRVAQMFB-UHFFFAOYSA-N,,,P48736,PI3-KINASE P110-GAMMA SUBUNIT,PIK3CG,26121481.0,pKI,10.958607314841775,NM,CCCOCCNC(=O)Nc1nc2CCN(Cc2s1)c3cncc(OC)c3
CHEMBL1080902,HGOPLFLDDUEUQT-UHFFFAOYSA-N,,,P48736,PI3-KINASE P110-GAMMA SUBUNIT,PIK3CG,20138514.0,pKI,5.886056647693163,NM,COc1ccc(cc1)C2=NNC(=O)/C/2=N\Nc3cccc(OC)c3
CHEMBL2165031,HJMSDMFCCDZFIX-UHFFFAOYSA-N,,,P48736,PI3-KINASE P110-GAMMA SUBUNIT,PIK3CG,22548365.0,pKI,7.6777807052660805,NM,COc1ccc(Nc2ncc(cc2c3nc(C)nc(N)n3)N4CCN(C)CC4)cn1
CHEMBL1957500,HLDCXWKYXYQREF-UHFFFAOYSA-N,,,P48736,PI3-KINASE P110-GAMMA SUBUNIT,PIK3CG,22325943.0,pKI,6.301029995663981,NM,CS(=O)(=O)N1CCN(Cc2cn3c(Cl)c(nc(N4CCOCC4)c3n2)c5cccc6[nH]ncc56)CC1
CHEMBL2165037,HMCXLHKQRBBRRQ-UHFFFAOYSA-N,,,P48736,PI3-KINASE P110-GAMMA SUBUNIT,PIK3CG,22548365.0,pKI,7.920818753952375,NM,Cc1nc(c2cccnc2Nc3cccc4[nH]ncc34)c5nc[nH]c5n1
CHEMBL2165051,HQPMEVMEMPHSDM-UHFFFAOYSA-N,,,P48736,PI3-KINASE P110-GAMMA SUBUNIT,PIK3CG,22548365.0,pKI,8.397940008672037,NM,Cc1ncnc(n1)n2c(Nc3cccc(O)c3)nc4ccccc24
CHEMBL2170096,HUIOREQGDCWTAK-UHFFFAOYSA-N,,,P48736,PI3-KINASE P110-GAMMA SUBUNIT,PIK3CG,22897589.0,pKI,7.6777807052660805,NM,COc1ncc(Nc2ncc(CN3CCN(CC3)S(=O)(=O)C)cc2c4nc(C)nc(N)n4)cc1F
CHEMBL3586677,HWJKIOZTBRGENR-UHFFFAOYSA-N,,,P48736,PI3-KINASE P110-GAMMA SUBUNIT,PIK3CG,26121481.0,pKI,11.522878745280337,NM,COc1cncc(c1)N2CCc3nc(NC(=O)NCCc4cn(CC(F)F)cn4)sc3C2
CHEMBL3586678,IAIPAOKEDSWUEQ-UHFFFAOYSA-N,,,P48736,PI3-KINASE P110-GAMMA SUBUNIT,PIK3CG,26121481.0,pKI,11.698970004336019,NM,COc1cncc(n1)N2CCc3nc(NC(=O)NCCc4cn(CC(F)F)cn4)sc3C2
CHEMBL3356883,IAMWJEXKKUVSJY-UHFFFAOYSA-N,,,P48736,PI3-KINASE P110-GAMMA SUBUNIT,PIK3CG,24754609.0,pKI,7.886056647693163,NM,CC(=O)Nc1nc2ccc(cc2s1)c3cncc(C)c3
CHEMBL2165021,IFEHHBCJSIHKDR-UHFFFAOYSA-N,,,P48736,PI3-KINASE P110-GAMMA SUBUNIT,PIK3CG,22548365.0,pKI,7.236572006437063,NM,COc1ccc(Nc2nccnc2c3cc(N)nc(C)n3)cn1
CHEMBL2165030,IFIUXKIVTAKIHT-UHFFFAOYSA-N,,,P48736,PI3-KINASE P110-GAMMA SUBUNIT,PIK3CG,22548365.0,pKI,8.698970004336019,NM,COc1ccc(Nc2ncc(cc2c3nc(C)nc(N)n3)C4=CCOCC4)cn1
CHEMBL3586673,IFZMBCZCFFLBPS-UHFFFAOYSA-N,,,P48736,PI3-KINASE P110-GAMMA SUBUNIT,PIK3CG,26121481.0,pKI,10.795880017344075,NM,COc1cncc(c1)N2CCc3nc(NC(=O)NCCc4cn(cn4)C(C)C)sc3C2
CHEMBL2171930,IHXYNQCIZAQJGQ-UHFFFAOYSA-N,,,P48736,PI3-KINASE P110-GAMMA SUBUNIT,PIK3CG,22876881.0,pKI,7.552841968657781,NM,Cc1c(nc2cc(F)ccc2c1N3CC(C)(C)c4ncc(cc34)c5ccnc(N)n5)c6ccccn6
CHEMBL3356896,IIZVKFYZFQTGEB-UHFFFAOYSA-N,,,P48736,PI3-KINASE P110-GAMMA SUBUNIT,PIK3CG,24754609.0,pKI,9.0,NM,COc1cncc(c1)c2ccc3nc(NC(=O)NCCC(=O)NCC(F)(F)F)sc3c2
CHEMBL1076721,IJGDAJQBJGDGGV-UHFFFAOYSA-N,,,P48736,PI3-KINASE P110-GAMMA SUBUNIT,PIK3CG,20138514.0,pKI,6.0,NM,COc1ccc(cc1)C2=NNC(=O)/C/2=N\Nc3cccnc3
CHEMBL2165020,IMXXTFKFHMPFMA-UHFFFAOYSA-N,,,P48736,PI3-KINASE P110-GAMMA SUBUNIT,PIK3CG,22548365.0,pKI,8.096910013008056,NM,COc1ccc(Nc2ncc(CC3CCN(CC3)S(=O)(=O)C)cc2c4nc(C)nc(N)n4)cn1
CHEMBL2418961,IRENWYOEYVTIRD-UHFFFAOYSA-N,,,P48736,PI3-KINASE P110-GAMMA SUBUNIT,PIK3CG,24754609.0,pKI,7.4089353929735005,NM,CC(=O)Nc1nc2ccc(cc2s1)c3cccnc3
CHEMBL2165052,ITUBWSOGJQVWCJ-UHFFFAOYSA-N,,,P48736,PI3-KINASE P110-GAMMA SUBUNIT,PIK3CG,22548365.0,pKI,7.920818753952375,NM,Cc1nc(N)nc(n1)c2cccnc2Nc3cccc(O)c3
CHEMBL2069328,IUPXLLWDLOWEBR-UHFFFAOYSA-N,,,P48736,PI3-KINASE P110-GAMMA SUBUNIT,PIK3CG,22863202.0,pKI,7.055517327849832,NM,CC(=O)c1ccc(cc1)c2sc(NC(=O)NCCC(=O)NC(C)(C)C)nc2C
CHEMBL3401988,IYFIEJRWVMLGOG-DFYNNNJYSA-N,,,P48736,PI3-KINASE P110-GAMMA SUBUNIT,PIK3CG,25827523.0,pKI,5.853871964321762,NM,Cc1noc(n1)[C@H]2C3CCC(CC3)[C@@H]2Nc4nc(ncc4F)c5c[nH]c6ncc(F)cc56
CHEMBL3618245,IYNZEXDVRAZUPW-UHFFFAOYSA-N,,,P48736,PI3-KINASE P110-GAMMA SUBUNIT,PIK3CG,26298499.0,pKI,8.275724130399212,NM,COc1ncc(Nc2nc3ccc(cn3c2c4nc(C)nc(N)n4)C(C)(C)O)cc1F
CHEMBL1229535,JFVNFXCESCXMBC-UHFFFAOYSA-N,,,P48736,PI3-KINASE P110-GAMMA SUBUNIT,PIK3CG,24754609.0,pKI,8.154901959985743,NM,CC(=O)\N=C/1\NC(=C(S1)c2ccc(Cl)c(c2)S(=O)(=O)NCCO)C
CHEMBL2165026,JJRKQAAMIWSSRQ-UHFFFAOYSA-N,,,P48736,PI3-KINASE P110-GAMMA SUBUNIT,PIK3CG,22548365.0,pKI,7.619788758288394,NM,COc1ccc(Nc2ncc(CO)cc2c3nc(C)nc(N)n3)cn1
CHEMBL2071328,JKTIFEDMWIOIIM-UHFFFAOYSA-N,,,P48736,PI3-KINASE P110-GAMMA SUBUNIT,PIK3CG,22863202.0,pKI,7.2441251443275085,NM,CC(=O)Nc1nc(C)c(s1)c2ccc(c(Cl)c2)S(=O)(=O)C
CHEMBL3356898,JLPXJIYPCJOCOK-UHFFFAOYSA-N,,,P48736,PI3-KINASE P110-GAMMA SUBUNIT,PIK3CG,24754609.0,pKI,8.154901959985743,NM,COc1cncc(c1)c2ccc3nc(NC(=O)NCCc4cn(C)cn4)sc3c2
CHEMBL2165028,JRWLTKDVIINVLC-UHFFFAOYSA-N,,,P48736,PI3-KINASE P110-GAMMA SUBUNIT,PIK3CG,22548365.0,pKI,7.00436480540245,NM,COCCNCc1cnc(Nc2ccc(OC)nc2)c(c1)c3nc(C)nc(N)n3
CHEMBL3401981,JYDWJFDOWRSYSW-DJZCKWSOSA-N,,,P48736,PI3-KINASE P110-GAMMA SUBUNIT,PIK3CG,25827523.0,pKI,6.161150909262744,NM,Oc1cc(on1)[C@H]2C3CCC(CC3)[C@@H]2Nc4nc(ncc4F)c5c[nH]c6ncc(F)cc56
CHEMBL1957499,JZTGIORHYWJCNQ-UHFFFAOYSA-N,,,P48736,PI3-KINASE P110-GAMMA SUBUNIT,PIK3CG,22325943.0,pKI,6.301029995663981,NM,CS(=O)(=O)N1CCN(Cc2cn3c(C#N)c(nc(N4CCOCC4)c3n2)c5cccc6[nH]ncc56)CC1
CHEMBL2171931,JZYCUVQYCHLFBL-UHFFFAOYSA-N,,,P48736,PI3-KINASE P110-GAMMA SUBUNIT,PIK3CG,22876881.0,pKI,6.293282217663242,NM,Cc1c(nc2cc(F)ccc2c1N3CC4(CCOCC4)c5ncc(cc35)N6CCOCC6)c7ccccn7
CHEMBL2165013,KEDQOULNSHVTKP-UHFFFAOYSA-N,,,P48736,PI3-KINASE P110-GAMMA SUBUNIT,PIK3CG,22548365.0,pKI,6.698970004336019,NM,COc1ccc(Nc2ncc(CN3CCNCC3)cc2c4nc(C)nc(N)n4)cn1
CHEMBL2171927,KGXLVFJRLHEYIM-UHFFFAOYSA-N,,,P48736,PI3-KINASE P110-GAMMA SUBUNIT,PIK3CG,22876881.0,pKI,7.045757490560675,NM,Cc1c(nc2cc(F)ccc2c1N3CC(C)(C)c4ccc(cc34)c5ccnc(N)n5)c6ccccn6
CHEMBL2206921,KLMZZLVCEDUTEA-UHFFFAOYSA-N,,,P48736,PI3-KINASE P110-GAMMA SUBUNIT,PIK3CG,22832322.0,pKI,9.0,NM,CN(C)S(=O)(=O)Nc1cc(Nc2ncc(Cl)cc2c3nc(C)nc(N)n3)cnc1Cl
CHEMBL3356886,KMIMQLLWTXQPQN-UHFFFAOYSA-N,,,P48736,PI3-KINASE P110-GAMMA SUBUNIT,PIK3CG,24754609.0,pKI,7.443697499232712,NM,CC(=O)Nc1nc2ccc(cc2s1)c3cncc(F)c3
CHEMBL3356902,KNFODNKZMBNGHS-UHFFFAOYSA-N,,,P48736,PI3-KINASE P110-GAMMA SUBUNIT,PIK3CG,24754609.0,pKI,7.721246399047171,NM,COc1cncc(c1)c2ccc3nc(NC(=O)NCCOc4ccccc4)sc3c2
CHEMBL2165008,KPKRMMWVCSAMKZ-UHFFFAOYSA-N,,,P48736,PI3-KINASE P110-GAMMA SUBUNIT,PIK3CG,22548365.0,pKI,6.6777807052660805,NM,COc1ccc(Nc2ncc(CN3CCCC3)cc2c4nc(C)nc(N)n4)cn1
CHEMBL2165033,KRSNHRXVUCZIHY-UHFFFAOYSA-N,,,P48736,PI3-KINASE P110-GAMMA SUBUNIT,PIK3CG,22548365.0,pKI,8.221848749616356,NM,COc1ccc(Nc2ncc(cc2c3nc(C)nc(N)n3)c4cnn(C)c4)cn1
CHEMBL2170081,KUGIFHQBIIHRIZ-CYBMUJFWSA-N,,,P48736,PI3-KINASE P110-GAMMA SUBUNIT,PIK3CG,22897589.0,pKI,9.0,NM,COc1ncc(Nc2ncc(cc2c3nc(C)nc(N)n3)[C@@H](C)N4CCN(CC4)S(=O)(=O)C)cc1F
CHEMBL2170099,KUGIFHQBIIHRIZ-ZDUSSCGKSA-N,,,P48736,PI3-KINASE P110-GAMMA SUBUNIT,PIK3CG,22897589.0,pKI,8.154901959985743,NM,COc1ncc(Nc2ncc(cc2c3nc(C)nc(N)n3)[C@H](C)N4CCN(CC4)S(=O)(=O)C)cc1F
CHEMBL3356899,LCMHSLJJLJYDPS-UHFFFAOYSA-N,,,P48736,PI3-KINASE P110-GAMMA SUBUNIT,PIK3CG,24754609.0,pKI,8.698970004336019,NM,CCn1cnc(CCNC(=O)Nc2nc3ccc(cc3s2)c4cncc(OC)c4)c1
CHEMBL3356889,LDXCGIQCCYUSHC-UHFFFAOYSA-N,,,P48736,PI3-KINASE P110-GAMMA SUBUNIT,PIK3CG,24754609.0,pKI,9.0,NM,COc1cc(cnc1OC)c2ccc3nc(NC(=O)C)sc3c2
CHEMBL521851,LHNIIDJUOCFXAP-UHFFFAOYSA-N,PICTILISIB,,P48736,PI3-KINASE P110-GAMMA SUBUNIT,PIK3CG,23540645.0,pKI,8.853871964321762,NM,CS(=O)(=O)N1CCN(Cc2cc3nc(nc(N4CCOCC4)c3s2)c5cccc6[nH]ncc56)CC1
CHEMBL2165032,LJLOTRKTBODGRQ-UHFFFAOYSA-N,,,P48736,PI3-KINASE P110-GAMMA SUBUNIT,PIK3CG,22548365.0,pKI,8.096910013008056,NM,COc1ccc(Nc2ncc(cc2c3nc(C)nc(N)n3)c4ccc(C)nc4)cn1
CHEMBL2087493,LOCCAHWMIIHOFH-UHFFFAOYSA-N,,,P48736,PI3-KINASE P110-GAMMA SUBUNIT,PIK3CG,22520259.0,pKI,7.075720713938118,NM,CS(=O)(=O)N1CCN(Cc2cn3c(Cl)c(nc(N4CCOCC4)c3n2)c5cnc(N)nc5)CC1
CHEMBL2165034,LOXQLWVHDSHBPP-UHFFFAOYSA-N,,,P48736,PI3-KINASE P110-GAMMA SUBUNIT,PIK3CG,22548365.0,pKI,6.853871964321762,NM,COc1ccc(Nc2ncc(CN3CCC3)cc2c4nc(C)nc(N)n4)cn1
CHEMBL2206906,LPQNHUUMWHCKNU-UHFFFAOYSA-N,,,P48736,PI3-KINASE P110-GAMMA SUBUNIT,PIK3CG,22832322.0,pKI,7.853871964321762,NM,COCCOc1cnc(Nc2cnc(Cl)c(NS(=O)(=O)C)c2)c(c1)c3nc(C)nc(N)n3
CHEMBL2165268,LVUPFSONRUTLLF-UHFFFAOYSA-N,,,P48736,PI3-KINASE P110-GAMMA SUBUNIT,PIK3CG,22548365.0,pKI,7.346787486224656,NM,Cc1nc(N)nc(n1)c2cccnc2Nc3cccc4[nH]ccc34
CHEMBL3356901,LWEIOXGOXUSRJQ-UHFFFAOYSA-N,,,P48736,PI3-KINASE P110-GAMMA SUBUNIT,PIK3CG,24754609.0,pKI,7.657577319177793,NM,COc1cncc(c1)c2ccc3nc(NC(=O)NCCc4cncn4C)sc3c2
CHEMBL3586675,LXBHWFWHYWJUPX-UHFFFAOYSA-N,,,P48736,PI3-KINASE P110-GAMMA SUBUNIT,PIK3CG,26121481.0,pKI,10.468521082957745,NM,COc1cncc(c1)N2CCc3nc(NC(=O)NCCc4cn(CC(C)C)cn4)sc3C2
CHEMBL1957502,MANMLCIYGOEBFM-UHFFFAOYSA-N,,,P48736,PI3-KINASE P110-GAMMA SUBUNIT,PIK3CG,22325943.0,pKI,6.301029995663981,NM,CNC(=O)c1cn2cc(nc(N3CCOCC3)c2n1)c4cccc5[nH]ncc45
CHEMBL3585362,MFASFQBUVZVOCJ-UHFFFAOYSA-N,,,P48736,PI3-KINASE P110-GAMMA SUBUNIT,PIK3CG,26121481.0,pKI,11.522878745280337,NM,COc1cc(cnc1Cl)N2CCc3nc(NC(=O)NCCc4cn(CC(F)F)cn4)sc3C2
CHEMBL2170097,MLKLYQDMHYWKGW-UHFFFAOYSA-N,,,P48736,PI3-KINASE P110-GAMMA SUBUNIT,PIK3CG,22897589.0,pKI,7.619788758288394,NM,Cc1nc(N)nc(n1)c2cc(CN3CCN(CC3)S(=O)(=O)C)cnc2Nc4cncc(F)c4
CHEMBL2165043,MMIJETCSDONNGS-UHFFFAOYSA-N,,,P48736,PI3-KINASE P110-GAMMA SUBUNIT,PIK3CG,22548365.0,pKI,5.0,NM,Cc1cc(nc(N)n1)c2cccnc2Oc3cccc4[nH]ccc34
CHEMBL1762782,MOYOOFRKRSCAKY-UHFFFAOYSA-N,,,P48736,PI3-KINASE P110-GAMMA SUBUNIT,PIK3CG,22548365.0,pKI,7.161150909262744,NM,Cc1nc(NCC#N)nc(n1)n2c(Nc3cccc(O)c3)nc4ccccc24
CHEMBL2206913,MYQDIPJMQYEWIZ-UHFFFAOYSA-N,,,P48736,PI3-KINASE P110-GAMMA SUBUNIT,PIK3CG,22832322.0,pKI,8.619788758288394,NM,Cc1nc(N)nc(n1)c2cccnc2Nc3cnc(Cl)c(NS(=O)(=O)C)c3
CHEMBL3401985,NHGXNIGDTNEHGJ-DJZCKWSOSA-N,,,P48736,PI3-KINASE P110-GAMMA SUBUNIT,PIK3CG,25827523.0,pKI,5.3979400086720375,NM,Oc1cc([nH]n1)[C@H]2C3CCC(CC3)[C@@H]2Nc4nc(ncc4F)c5c[nH]c6ncc(F)cc56
CHEMBL2165012,NOEYFOUOAVCIAX-CQSZACIVSA-N,,,P48736,PI3-KINASE P110-GAMMA SUBUNIT,PIK3CG,22548365.0,pKI,7.0,NM,COc1ccc(Nc2ncc(CN3CC[C@@H](CO)C3)cc2c4nc(C)nc(N)n4)cn1
CHEMBL2165018,NRFWIMBKAYHJFY-UHFFFAOYSA-N,,,P48736,PI3-KINASE P110-GAMMA SUBUNIT,PIK3CG,22548365.0,pKI,8.045757490560675,NM,COc1ccc(Nc2ncc(CN3CCN(CC3)S(=O)(=O)N(C)C)cc2c4nc(C)nc(N)n4)cn1
CHEMBL2170093,NRNPLKNQEHSDHU-UHFFFAOYSA-N,,,P48736,PI3-KINASE P110-GAMMA SUBUNIT,PIK3CG,22897589.0,pKI,7.508638306165727,NM,Cc1ccc(Nc2ncc(CN3CCN(CC3)S(=O)(=O)C)cc2c4nc(C)nc(N)n4)cn1
CHEMBL3356893,NRQJNWMHLPKGKI-UHFFFAOYSA-N,,,P48736,PI3-KINASE P110-GAMMA SUBUNIT,PIK3CG,24754609.0,pKI,8.154901959985743,NM,CCNC(=O)Nc1nc2ccc(cc2s1)c3cncc(OC)c3
CHEMBL1957508,NVUXGYQVPVQMTL-UHFFFAOYSA-N,,,P48736,PI3-KINASE P110-GAMMA SUBUNIT,PIK3CG,22325943.0,pKI,6.301029995663981,NM,COCCCNC(=O)c1cn2cc(nc(N3CCOCC3)c2n1)c4cccc5[nH]ncc45
CHEMBL3356892,NWTMMYFZUWONEI-UHFFFAOYSA-N,,,P48736,PI3-KINASE P110-GAMMA SUBUNIT,PIK3CG,24754609.0,pKI,8.045757490560675,NM,COc1cncc(c1)c2ccc3nc(NC(=O)N(C)C)sc3c2
CHEMBL2165005,NYHQXLSMSMLVGN-UHFFFAOYSA-N,,,P48736,PI3-KINASE P110-GAMMA SUBUNIT,PIK3CG,22548365.0,pKI,7.522878745280337,NM,COc1ccc(Nc2ncc(CN3CCS(=O)(=O)CC3)cc2c4nc(C)nc(N)n4)cn1
CHEMBL2165038,OBMONDJKDAOWHR-UHFFFAOYSA-N,,,P48736,PI3-KINASE P110-GAMMA SUBUNIT,PIK3CG,22548365.0,pKI,7.638272163982407,NM,Cc1nc(c2cccnc2Nc3cccc4[nH]ccc34)c5nc[nH]c5n1
CHEMBL2165270,OFOLNFFDYMUPIF-UHFFFAOYSA-N,,,P48736,PI3-KINASE P110-GAMMA SUBUNIT,PIK3CG,22548365.0,pKI,7.292429823902063,NM,Cc1nc(N)cc(n1)c2cccnc2Nc3cccc(O)c3
CHEMBL2087474,OHKDVDMWRKFZRB-UHFFFAOYSA-N,,,P48736,PI3-KINASE P110-GAMMA SUBUNIT,PIK3CG,22520259.0,pKI,6.747146969020107,NM,CS(=O)(=O)N1CCN(Cc2cn3cc(nc(N4CCOCC4)c3n2)c5cnc(N)nc5)CC1
CHEMBL2170098,OHZHBEQIRGURAO-UHFFFAOYSA-N,,,P48736,PI3-KINASE P110-GAMMA SUBUNIT,PIK3CG,22897589.0,pKI,8.154901959985743,NM,COc1cncc(Nc2ncc(CN3CCN(CC3)S(=O)(=O)C)cc2c4nc(C)nc(N)n4)c1
CHEMBL2087479,OIFRMGWBMAWZFZ-UHFFFAOYSA-N,,,P48736,PI3-KINASE P110-GAMMA SUBUNIT,PIK3CG,22520259.0,pKI,7.573488738635425,NM,CS(=O)(=O)N1CCN(Cc2cn3cc(nc(N4CCOCC4)c3n2)c5cnc(N)nc5C(F)(F)F)CC1
CHEMBL2165010,OIPZJHZMJMKKBK-UHFFFAOYSA-N,,,P48736,PI3-KINASE P110-GAMMA SUBUNIT,PIK3CG,22548365.0,pKI,7.769551078621726,NM,COc1ccc(Nc2ncc(CN3CCOCC3)cc2c4nc(C)nc(N)n4)cn1
CHEMBL3356884,OJHQTTWFOODEQF-UHFFFAOYSA-N,,,P48736,PI3-KINASE P110-GAMMA SUBUNIT,PIK3CG,24754609.0,pKI,8.397940008672037,NM,COc1cncc(c1)c2ccc3nc(NC(=O)C)sc3c2
CHEMBL2165003,ONJSIGPCPAOGNJ-UHFFFAOYSA-N,,,P48736,PI3-KINASE P110-GAMMA SUBUNIT,PIK3CG,22548365.0,pKI,7.337242168318426,NM,COc1ccc(Nc2ncc(CN3CCCN(CC3)S(=O)(=O)C)cc2c4nc(C)nc(N)n4)cn1
CHEMBL2165040,OSWNLJFEDVBKFP-UHFFFAOYSA-N,,,P48736,PI3-KINASE P110-GAMMA SUBUNIT,PIK3CG,22548365.0,pKI,6.1249387366083,NM,N(c1cccc2[nH]ncc12)c3ncccc3c4ncnc5[nH]cnc45
CHEMBL2165044,OZMJSHHWBZKOGS-UHFFFAOYSA-N,,,P48736,PI3-KINASE P110-GAMMA SUBUNIT,PIK3CG,22548365.0,pKI,5.0,NM,COc1ccc(cn1)N(C)c2ncccc2c3nc(C)nc(N)n3
CHEMBL2071334,OZUSDWCWJBOURA-UHFFFAOYSA-N,,,P48736,PI3-KINASE P110-GAMMA SUBUNIT,PIK3CG,22863202.0,pKI,6.585026652029182,NM,CC(=O)Nc1nc(C)c(s1)c2ccc(cc2)C(=O)C
CHEMBL2165011,PLZWKQZPZPLCFY-UHFFFAOYSA-N,,,P48736,PI3-KINASE P110-GAMMA SUBUNIT,PIK3CG,22548365.0,pKI,6.958607314841775,NM,COc1ccc(Nc2ncc(CN3CCC(O)CC3)cc2c4nc(C)nc(N)n4)cn1
CHEMBL3401990,PMGPBZHUTBKGCZ-VOGSPBGVSA-N,,,P48736,PI3-KINASE P110-GAMMA SUBUNIT,PIK3CG,25827523.0,pKI,5.920818753952375,NM,CS(=O)(=O)[C@H]1C2CCC(CC2)[C@@H]1Nc3nc(ncc3F)c4c[nH]c5ncc(F)cc45
CHEMBL2170094,POILOEPNLLDHRQ-UHFFFAOYSA-N,,,P48736,PI3-KINASE P110-GAMMA SUBUNIT,PIK3CG,22897589.0,pKI,6.866461091629782,NM,Cc1nc(N)nc(n1)c2cc(CN3CCN(CC3)S(=O)(=O)C)cnc2Nc4ccc(nc4)C(F)(F)F
CHEMBL2165014,QIBHHZDVUBRFRC-UHFFFAOYSA-N,,,P48736,PI3-KINASE P110-GAMMA SUBUNIT,PIK3CG,22548365.0,pKI,6.886056647693163,NM,COc1ccc(Nc2ncc(CN3CCN(C)CC3)cc2c4nc(C)nc(N)n4)cn1
CHEMBL3586674,QICBTLRUKJIQBR-UHFFFAOYSA-N,,,P48736,PI3-KINASE P110-GAMMA SUBUNIT,PIK3CG,26121481.0,pKI,11.0,NM,CCCn1cnc(CCNC(=O)Nc2nc3CCN(Cc3s2)c4cncc(OC)c4)c1
CHEMBL1086736,QJLGFFLAFOTCJD-UHFFFAOYSA-N,,,P48736,PI3-KINASE P110-GAMMA SUBUNIT,PIK3CG,20138514.0,pKI,6.267606240177032,NM,COc1ccncc1C2=NNC(=O)/C/2=N\Nc3ccccc3
CHEMBL2071333,QLEVPCMTGKFOAI-UHFFFAOYSA-N,,,P48736,PI3-KINASE P110-GAMMA SUBUNIT,PIK3CG,22863202.0,pKI,6.958607314841775,NM,CC(=O)Nc1nc(C)c(s1)c2ccc(cc2)n3cccn3
CHEMBL3586665,QMAQEBYOSRRMSN-UHFFFAOYSA-N,,,P48736,PI3-KINASE P110-GAMMA SUBUNIT,PIK3CG,26121481.0,pKI,9.804100347590767,NM,CC(=O)Nc1nc2CCN(Cc2s1)c3cccnc3
CHEMBL2165050,QMMDEPVOHKKXOW-UHFFFAOYSA-N,,,P48736,PI3-KINASE P110-GAMMA SUBUNIT,PIK3CG,22548365.0,pKI,7.045757490560675,NM,COc1ccc(Nc2nccnc2c3nc(C)nc(N)n3)cn1
CHEMBL3356882,QRKJGBJCNLLUER-UHFFFAOYSA-N,,,P48736,PI3-KINASE P110-GAMMA SUBUNIT,PIK3CG,24754609.0,pKI,6.113509274827518,NM,CC(=O)Nc1nc2ccc(cc2s1)c3ccccc3
CHEMBL3586679,QSPRKHFYZWPGJS-UHFFFAOYSA-N,,,P48736,PI3-KINASE P110-GAMMA SUBUNIT,PIK3CG,26121481.0,pKI,11.045757490560675,NM,COc1cncc(c1)N2CCc3nc(NC(=O)NCCc4cn(CC(F)(F)F)cn4)sc3C2
CHEMBL2071336,QYQCPRXWGNJKFL-LBPRGKRZSA-N,,,P48736,PI3-KINASE P110-GAMMA SUBUNIT,PIK3CG,22863202.0,pKI,5.51427857351842,NM,Cc1nc(NC(=O)N2CCC[C@H]2C(=O)N)sc1c3ccc(c(F)c3)S(=O)(=O)C
CHEMBL2171928,QYVBQWFPPJZFHA-UHFFFAOYSA-N,,,P48736,PI3-KINASE P110-GAMMA SUBUNIT,PIK3CG,22876881.0,pKI,6.438898616350944,NM,Cc1cc(nc(N)n1)c2ccc3c(c2)N(CC3(C)C)c4c(C)c(nc5cc(F)ccc45)c6ccccn6
CHEMBL2071340,QZJWXISXKGWWBT-UHFFFAOYSA-N,,,P48736,PI3-KINASE P110-GAMMA SUBUNIT,PIK3CG,22863202.0,pKI,6.920818753952375,NM,Cc1onc(NC(=O)CCNC(=O)Nc2nc(C)c(s2)c3ccc(c(F)c3)S(=O)(=O)C)c1
CHEMBL2165017,RNTFRUPRTOCGJO-UHFFFAOYSA-N,,,P48736,PI3-KINASE P110-GAMMA SUBUNIT,PIK3CG,22548365.0,pKI,8.397940008672037,NM,COc1ccc(Nc2ncc(CN3CCN(CC3)S(=O)(=O)C)cc2c4nc(C)nc(N)n4)cn1
CHEMBL2165017,RNTFRUPRTOCGJO-UHFFFAOYSA-N,,,P48736,PI3-KINASE P110-GAMMA SUBUNIT,PIK3CG,22897589.0,pKI,8.096910013008056,NM,COc1ccc(Nc2ncc(CN3CCN(CC3)S(=O)(=O)C)cc2c4nc(C)nc(N)n4)cn1
CHEMBL2058172,SACVGFNKAAPQIB-UHFFFAOYSA-N,,,P48736,PI3-KINASE P110-GAMMA SUBUNIT,PIK3CG,22819764.0,pKI,7.201349354554731,NM,COCCNC(=O)c1nc2c(nc(cn2c1C)c3cnc(N)nc3)N4CCOCC4
CHEMBL2170082,SCIVONNAMHTUEH-CYBMUJFWSA-N,,,P48736,PI3-KINASE P110-GAMMA SUBUNIT,PIK3CG,22897589.0,pKI,8.045757490560675,NM,COc1ncc(Nc2ncc(CN3CCN(C[C@H]3C)S(=O)(=O)C)cc2c4nc(C)nc(N)n4)cc1F
CHEMBL2170083,SCIVONNAMHTUEH-ZDUSSCGKSA-N,,,P48736,PI3-KINASE P110-GAMMA SUBUNIT,PIK3CG,22897589.0,pKI,8.045757490560675,NM,COc1ncc(Nc2ncc(CN3CCN(C[C@@H]3C)S(=O)(=O)C)cc2c4nc(C)nc(N)n4)cc1F
CHEMBL2171929,SDIGQYAPYHZBDJ-UHFFFAOYSA-N,,,P48736,PI3-KINASE P110-GAMMA SUBUNIT,PIK3CG,22876881.0,pKI,7.036212172654444,NM,Cc1c(N2CC(C)(C)c3ncc(cc23)N4CCOCC4)c5ccc(F)cc5nc1c6ccccn6
CHEMBL2170089,SYUHGFRIKWMPPV-KBPBESRZSA-N,,,P48736,PI3-KINASE P110-GAMMA SUBUNIT,PIK3CG,22897589.0,pKI,8.045757490560675,NM,COc1ncc(Nc2ncc(cc2c3nc(C)nc(N)n3)[C@H](C)N4CCN(C[C@@H]4C)S(=O)(=O)C)cc1F
CHEMBL2170087,SYUHGFRIKWMPPV-KGLIPLIRSA-N,,,P48736,PI3-KINASE P110-GAMMA SUBUNIT,PIK3CG,22897589.0,pKI,7.920818753952375,NM,COc1ncc(Nc2ncc(cc2c3nc(C)nc(N)n3)[C@H](C)N4CCN(C[C@H]4C)S(=O)(=O)C)cc1F
CHEMBL2170088,SYUHGFRIKWMPPV-UONOGXRCSA-N,,,P48736,PI3-KINASE P110-GAMMA SUBUNIT,PIK3CG,22897589.0,pKI,8.096910013008056,NM,COc1ncc(Nc2ncc(cc2c3nc(C)nc(N)n3)[C@@H](C)N4CCN(C[C@@H]4C)S(=O)(=O)C)cc1F
CHEMBL2170086,SYUHGFRIKWMPPV-ZIAGYGMSSA-N,,,P48736,PI3-KINASE P110-GAMMA SUBUNIT,PIK3CG,22897589.0,pKI,7.920818753952375,NM,COc1ncc(Nc2ncc(cc2c3nc(C)nc(N)n3)[C@@H](C)N4CCN(C[C@H]4C)S(=O)(=O)C)cc1F
CHEMBL2165024,SZCHCSAKGOOKBA-UHFFFAOYSA-N,,,P48736,PI3-KINASE P110-GAMMA SUBUNIT,PIK3CG,22548365.0,pKI,7.267606240177032,NM,COc1ccc(Nc2ncc(C)cc2c3nc(C)nc(N)n3)cn1
CHEMBL2165047,TVSHFFVDNISOGF-UHFFFAOYSA-N,,,P48736,PI3-KINASE P110-GAMMA SUBUNIT,PIK3CG,22548365.0,pKI,6.161150909262744,NM,COc1ccc(Nc2cnccc2c3nc(C)nc(N)n3)cn1
CHEMBL2165041,UFWMPADLCCNCKA-UHFFFAOYSA-N,,,P48736,PI3-KINASE P110-GAMMA SUBUNIT,PIK3CG,22548365.0,pKI,5.958607314841775,NM,COc1ccc(Nc2ncccc2c3ncnc4[nH]cnc34)cn1
CHEMBL2071341,UGXHPLJCSWLUIK-UHFFFAOYSA-N,,,P48736,PI3-KINASE P110-GAMMA SUBUNIT,PIK3CG,22863202.0,pKI,7.698970004336019,NM,Cc1nc(NC(=O)NCCC(=O)OC(C)(C)C)sc1c2ccc(c(F)c2)S(=O)(=O)C
CHEMBL3356885,UKRMJRIYSXBBEO-UHFFFAOYSA-N,,,P48736,PI3-KINASE P110-GAMMA SUBUNIT,PIK3CG,24754609.0,pKI,8.221848749616356,NM,CCOc1cncc(c1)c2ccc3nc(NC(=O)C)sc3c2
CHEMBL2165029,UMNVNHUOVNNHPM-UHFFFAOYSA-N,,,P48736,PI3-KINASE P110-GAMMA SUBUNIT,PIK3CG,22548365.0,pKI,8.397940008672037,NM,COc1ccc(Nc2ncc(cc2c3nc(C)nc(N)n3)N4CCOCC4)cn1
CHEMBL2071331,UNPCEUDDZMOCCV-UHFFFAOYSA-N,,,P48736,PI3-KINASE P110-GAMMA SUBUNIT,PIK3CG,22863202.0,pKI,7.2076083105017466,NM,CC(=O)Nc1nc(C)c(s1)c2ccc(c(c2)C#N)S(=O)(=O)C
CHEMBL3401987,UVHNIMCYDWMRAE-LOTSEXGMSA-N,,,P48736,PI3-KINASE P110-GAMMA SUBUNIT,PIK3CG,25827523.0,pKI,6.107905397309519,NM,CC(O)[C@H]1C2CCC(CC2)[C@@H]1Nc3nc(ncc3F)c4c[nH]c5ncc(F)cc45
CHEMBL3401976,UXVRWSBRRRIFQG-SBBZOCNPSA-N,,,P48736,PI3-KINASE P110-GAMMA SUBUNIT,PIK3CG,25827523.0,pKI,5.3979400086720375,NM,OP(=O)(O)[C@H]1C2CCC(CC2)[C@@H]1Nc3nc(ncc3F)c4c[nH]c5ncc(F)cc45
CHEMBL2165019,UZUPOMTXPRNVLO-UHFFFAOYSA-N,,,P48736,PI3-KINASE P110-GAMMA SUBUNIT,PIK3CG,22548365.0,pKI,8.045757490560675,NM,COc1ccc(Nc2ncc(CN3CCC(CC3)S(=O)(=O)C)cc2c4nc(C)nc(N)n4)cn1
CHEMBL3401984,VAPOMSIOLKMAIW-DBPFDUESSA-N,,,P48736,PI3-KINASE P110-GAMMA SUBUNIT,PIK3CG,25827523.0,pKI,6.1487416512809245,NM,OCC(O)[C@H]1C2CCC(CC2)[C@@H]1Nc3nc(ncc3F)c4c[nH]c5ncc(F)cc45
CHEMBL2165023,VBYCMVGPGAGETD-UHFFFAOYSA-N,,,P48736,PI3-KINASE P110-GAMMA SUBUNIT,PIK3CG,22548365.0,pKI,7.657577319177793,NM,COc1ccc(Nc2ncc(Br)cc2c3nc(C)nc(N)n3)cn1
CHEMBL3356900,VYPWROGLWNYKDD-UHFFFAOYSA-N,,,P48736,PI3-KINASE P110-GAMMA SUBUNIT,PIK3CG,24754609.0,pKI,8.698970004336019,NM,CCCn1cnc(CCNC(=O)Nc2nc3ccc(cc3s2)c4cncc(OC)c4)c1
CHEMBL3356891,WBLTUPGQADTMQO-UHFFFAOYSA-N,,,P48736,PI3-KINASE P110-GAMMA SUBUNIT,PIK3CG,24754609.0,pKI,7.6777807052660805,NM,CC(=O)Nc1nc2ccc(cc2s1)c3cnc4nccnc4c3
CHEMBL2071342,WBQNJPBYOGNEQC-UHFFFAOYSA-N,,,P48736,PI3-KINASE P110-GAMMA SUBUNIT,PIK3CG,22863202.0,pKI,7.443697499232712,NM,CCn1nnc(CCNC(=O)Nc2nc(C)c(s2)c3ccc(c(F)c3)S(=O)(=O)C)n1
CHEMBL2165004,WGLLEJISTFRVBO-UHFFFAOYSA-N,,,P48736,PI3-KINASE P110-GAMMA SUBUNIT,PIK3CG,22548365.0,pKI,8.301029995663981,NM,COc1ccc(Nc2ncc(CN3CCC(C3)S(=O)(=O)C)cc2c4nc(C)nc(N)n4)cn1
CHEMBL2165271,WHJXPQMHEGTMAA-UHFFFAOYSA-N,,,P48736,PI3-KINASE P110-GAMMA SUBUNIT,PIK3CG,22548365.0,pKI,7.040958607678906,NM,Cc1nc(N)cc(n1)c2cccnc2Nc3cccc4[nH]ncc34
CHEMBL3401989,WIMOLDAKNKMBFB-DFYNNNJYSA-N,,,P48736,PI3-KINASE P110-GAMMA SUBUNIT,PIK3CG,25827523.0,pKI,5.552841968657781,NM,Cc1oc(nn1)[C@H]2C3CCC(CC3)[C@@H]2Nc4nc(ncc4F)c5c[nH]c6ncc(F)cc56
CHEMBL2165016,WNLWNUNVLRWGBW-UHFFFAOYSA-N,,,P48736,PI3-KINASE P110-GAMMA SUBUNIT,PIK3CG,22548365.0,pKI,8.096910013008056,NM,COc1ccc(Nc2ncc(CN3CCN(CC3)C(=O)N(C)C)cc2c4nc(C)nc(N)n4)cn1
CHEMBL3586680,WPGSHCKZFOLSEU-UHFFFAOYSA-N,,,P48736,PI3-KINASE P110-GAMMA SUBUNIT,PIK3CG,26121481.0,pKI,10.602059991327963,NM,COc1cncc(c1)N2CCc3nc(NC(=O)NCCc4cn(CCO)cn4)sc3C2
CHEMBL2071332,WYSQFPDONBSMIQ-UHFFFAOYSA-N,,,P48736,PI3-KINASE P110-GAMMA SUBUNIT,PIK3CG,22863202.0,pKI,7.214670164989233,NM,CC(=O)Nc1nc(C)c(s1)c2ccc(c(c2)C(F)(F)F)S(=O)(=O)C
CHEMBL2165048,WYWUAOZMZICRIV-UHFFFAOYSA-N,,,P48736,PI3-KINASE P110-GAMMA SUBUNIT,PIK3CG,22548365.0,pKI,6.318758762624412,NM,COc1ccc(Nc2cccnc2c3nc(C)nc(N)n3)cn1
CHEMBL3356897,WZPLCQSBXZINOK-UHFFFAOYSA-N,,,P48736,PI3-KINASE P110-GAMMA SUBUNIT,PIK3CG,24754609.0,pKI,8.301029995663981,NM,COc1cncc(c1)c2ccc3nc(NC(=O)NCCc4c[nH]cn4)sc3c2
CHEMBL1986603,XBNSDTLFWKORGH-UHFFFAOYSA-N,,,P48736,PI3-KINASE P110-GAMMA SUBUNIT,PIK3CG,22863202.0,pKI,5.991399828238082,NM,Cc1onc(NC(=O)CCNC(=O)Nc2nc(C)c(s2)c3ccc(cc3)n4cccn4)c1
CHEMBL2165009,XDLCZYNDGPSHBI-UHFFFAOYSA-N,,,P48736,PI3-KINASE P110-GAMMA SUBUNIT,PIK3CG,22548365.0,pKI,7.096910013008056,NM,COc1ccc(Nc2ncc(CN3CCCCC3)cc2c4nc(C)nc(N)n4)cn1
CHEMBL2165042,XWEIMGLXKNLZSJ-UHFFFAOYSA-N,,,P48736,PI3-KINASE P110-GAMMA SUBUNIT,PIK3CG,22548365.0,pKI,6.346787486224656,NM,Cc1nc(c2cccnc2Nc3cccc4[nH]ncc34)c5cn[nH]c5n1
CHEMBL2046643,XWKJUHBICAMYNW-ZDUSSCGKSA-N,,,P48736,PI3-KINASE P110-GAMMA SUBUNIT,PIK3CG,22738630.0,pKI,5.3979400086720375,NM,CC(C)C[C@H]1CN(CCN1)c2ccc(c(n2)C(=O)c3cccnc3N)C(F)(F)F
CHEMBL2170095,XXVQUOSJLYEXMX-UHFFFAOYSA-N,,,P48736,PI3-KINASE P110-GAMMA SUBUNIT,PIK3CG,22897589.0,pKI,7.795880017344075,NM,COc1ncc(Nc2ncc(CN3CCN(CC3)S(=O)(=O)C)cc2c4nc(C)nc(N)n4)cn1
CHEMBL2165269,XZIRFISMMDAPDH-UHFFFAOYSA-N,,,P48736,PI3-KINASE P110-GAMMA SUBUNIT,PIK3CG,22548365.0,pKI,7.5376020021010435,NM,COc1ccc(Nc2ncccc2c3nc(C)nc(N)n3)cn1
CHEMBL2087492,XZMAYWPLOYTTDT-UHFFFAOYSA-N,,,P48736,PI3-KINASE P110-GAMMA SUBUNIT,PIK3CG,22520259.0,pKI,7.223298816011589,NM,Cc1c(CN2CCN(CC2)S(=O)(=O)C)nc3c(nc(cn13)c4cnc(N)nc4)N5CCOCC5
CHEMBL3586676,YAERTYQDPDTENI-UHFFFAOYSA-N,,,P48736,PI3-KINASE P110-GAMMA SUBUNIT,PIK3CG,26121481.0,pKI,11.221848749616356,NM,COc1cncc(c1)N2CCc3nc(NC(=O)NCCc4cn(CCF)cn4)sc3C2
CHEMBL2165053,YCLSLKKTHSFLGB-UHFFFAOYSA-N,,,P48736,PI3-KINASE P110-GAMMA SUBUNIT,PIK3CG,22548365.0,pKI,7.055517327849832,NM,Cc1nc(N)nc(n1)c2cccnc2Nc3cccc4[nH]ncc34
CHEMBL1615189,YGBMCLDVRUGXOV-UHFFFAOYSA-N,,,P48736,PI3-KINASE P110-GAMMA SUBUNIT,PIK3CG,21332118.0,pKI,8.327902142064282,NM,CC(=O)Nc1nc2ccc(cc2s1)c3cnc(Cl)c(NS(=O)(=O)c4ccc(F)cc4)c3
CHEMBL3586670,YGHXBCAMJWBJDS-UHFFFAOYSA-N,,,P48736,PI3-KINASE P110-GAMMA SUBUNIT,PIK3CG,26121481.0,pKI,10.769551078621726,NM,COc1cncc(n1)N2CCc3nc(NC(=O)C)sc3C2
CHEMBL2071337,YLEDQBBRVSCHOM-LBPRGKRZSA-N,,,P48736,PI3-KINASE P110-GAMMA SUBUNIT,PIK3CG,22863202.0,pKI,5.943095148663527,NM,Cc1nc(NC(=O)N2CCC[C@H]2C(=O)N)sc1c3ccc(c(c3)C(F)(F)F)S(=O)(=O)C
CHEMBL3401982,YQHXFSMWBWXLGR-SBBZOCNPSA-N,,,P48736,PI3-KINASE P110-GAMMA SUBUNIT,PIK3CG,25827523.0,pKI,5.3979400086720375,NM,Fc1cnc2[nH]cc(c3ncc(F)c(N[C@H]4C5CCC(CC5)[C@@H]4C6=NC(=O)ON6)n3)c2c1
CHEMBL3401977,YQXSREGMIKNZEU-TZQPCPOVSA-N,,,P48736,PI3-KINASE P110-GAMMA SUBUNIT,PIK3CG,25827523.0,pKI,6.3979400086720375,NM,OP(=O)(O)CC[C@H]1C2CCC(CC2)[C@@H]1Nc3nc(ncc3F)c4c[nH]c5ncc(F)cc45
CHEMBL1957497,YTKHAHHJHBKCSP-UHFFFAOYSA-N,,,P48736,PI3-KINASE P110-GAMMA SUBUNIT,PIK3CG,22325943.0,pKI,6.301029995663981,NM,CS(=O)(=O)N1CCN(Cc2cn3cc(nc(N4CCOCC4)c3n2)c5cccc6[nH]ncc56)CC1
CHEMBL1957504,YUVFYCPOFNWZOH-UHFFFAOYSA-N,,,P48736,PI3-KINASE P110-GAMMA SUBUNIT,PIK3CG,22325943.0,pKI,6.301029995663981,NM,O=C(NCCN1CCOCC1)c2cn3cc(nc(N4CCOCC4)c3n2)c5cccc6[nH]ncc56
CHEMBL2165039,YXRVSHHKBCULEI-UHFFFAOYSA-N,,,P48736,PI3-KINASE P110-GAMMA SUBUNIT,PIK3CG,22548365.0,pKI,7.920818753952375,NM,COc1ccc(Nc2ncccc2c3nc(C)nc4[nH]cnc34)cn1
CHEMBL2381373,YZIQNVDBRMRXLM-UHFFFAOYSA-N,,,P48736,PI3-KINASE P110-GAMMA SUBUNIT,PIK3CG,23540645.0,pKI,9.259637310505756,NM,CC(C)n1ncnc1c2nc3c(CCOc4cc(ccc34)c5cnn(CCO)c5)s2
CHEMBL2071326,ZASMRPOKAYRYIC-UHFFFAOYSA-N,,,P48736,PI3-KINASE P110-GAMMA SUBUNIT,PIK3CG,22863202.0,pKI,6.958607314841775,NM,CC(=O)Nc1nc(C)c(s1)c2ccc(cc2)S(=O)(=O)N
CHEMBL2165046,ZHLGCXHMAAIMNM-UHFFFAOYSA-N,,,P48736,PI3-KINASE P110-GAMMA SUBUNIT,PIK3CG,22548365.0,pKI,6.42021640338319,NM,COc1ccc(Nc2ccccc2c3nc(C)nc(N)n3)cn1
CHEMBL3356895,ZOLZIBOHJQMDHI-UHFFFAOYSA-N,,,P48736,PI3-KINASE P110-GAMMA SUBUNIT,PIK3CG,24754609.0,pKI,8.221848749616356,NM,COc1cncc(c1)c2ccc3nc(NC(=O)NCC(=O)NCC(F)(F)F)sc3c2
CHEMBL2170091,ZRGWDDIDICLFTF-UHFFFAOYSA-N,,,P48736,PI3-KINASE P110-GAMMA SUBUNIT,PIK3CG,22897589.0,pKI,5.628932137728263,NM,Cc1nc(N)nc(n1)c2cc(CN3CCN(CC3)S(=O)(=O)C)cnc2NC4=CNC(=O)C=C4
CHEMBL2165049,ZTODRPDFEHQEID-UHFFFAOYSA-N,,,P48736,PI3-KINASE P110-GAMMA SUBUNIT,PIK3CG,22548365.0,pKI,7.229147988357855,NM,COc1ccc(Nc2ncncc2c3nc(C)nc(N)n3)cn1
