CHEMBL3401980,ACXVCLUGFVYVMQ-DFYNNNJYSA-N,,,O00329,PI3-KINASE P110-DELTA SUBUNIT,PIK3CD,25827523.0,pKI,5.3979400086720375,NM,CC(=O)NS(=O)(=O)[C@H]1C2CCC(CC2)[C@@H]1Nc3nc(ncc3F)c4c[nH]c5ncc(F)cc45
CHEMBL2165015,AXHJCTAXCZSLFA-UHFFFAOYSA-N,,,O00329,PI3-KINASE P110-DELTA SUBUNIT,PIK3CD,22548365.0,pKI,8.221848749616356,NM,COC(=O)N1CCN(Cc2cnc(Nc3ccc(OC)nc3)c(c2)c4nc(C)nc(N)n4)CC1
CHEMBL2165007,AXVUBWYMDBEDQM-UHFFFAOYSA-N,,,O00329,PI3-KINASE P110-DELTA SUBUNIT,PIK3CD,22548365.0,pKI,9.0,NM,COc1ccc(Nc2ncc(Cc3ccc(cc3)S(=O)(=O)C)cc2c4nc(C)nc(N)n4)cn1
CHEMBL2387080,BEUQXVWXFDOSAQ-UHFFFAOYSA-N,TASELISIB,,O00329,PI3-KINASE P110-DELTA SUBUNIT,PIK3CD,23662903.0,pKI,9.920818753952375,NM,CC(C)n1nc(C)nc1c2cn3CCOc4cc(ccc4c3n2)c5cnn(c5)C(C)(C)C(=O)N
CHEMBL2216893,BGZVIUZOGAWXHP-AWEZNQCLSA-N,,,O00329,PI3-KINASE P110-DELTA SUBUNIT,PIK3CD,22924688.0,pKI,8.301029995663981,NM,C[C@H](Nc1ncnc(N)c1C#N)C2=C(C(=O)N3C(=CC=CC3=N2)C)c4ccccc4
CHEMBL2216893,BGZVIUZOGAWXHP-AWEZNQCLSA-N,,,O00329,PI3-KINASE P110-DELTA SUBUNIT,PIK3CD,,pKI,8.301029995663981,NM,C[C@H](Nc1ncnc(N)c1C#N)C2=C(C(=O)N3C(=CC=CC3=N2)C)c4ccccc4
CHEMBL3680925,BGZVIUZOGAWXHP-UHFFFAOYSA-N,,,O00329,PI3-KINASE P110-DELTA SUBUNIT,PIK3CD,,pKI,7.8996294548824375,NM,CC(Nc1ncnc(N)c1C#N)C2=C(C(=O)N3C(=CC=CC3=N2)C)c4ccccc4
CHEMBL2206904,BHEMPSVJQFJQIN-UHFFFAOYSA-N,,,O00329,PI3-KINASE P110-DELTA SUBUNIT,PIK3CD,22832322.0,pKI,8.958607314841775,NM,COc1cnc(Nc2cnc(Cl)c(NS(=O)(=O)N(C)C)c2)c(c1)c3nc(C)nc(N)n3
CHEMBL2171944,BHXSZKLTWORWNB-UHFFFAOYSA-N,,,O00329,PI3-KINASE P110-DELTA SUBUNIT,PIK3CD,23867164.0,pKI,8.698970004336019,NM,CCc1nc2ccccc2n1c3nc(N4CCOCC4)c5nc(CN6CCC(CC6)C(C)(C)O)n(C)c5n3
CHEMBL2071330,BNPONKLNSVKAJY-UHFFFAOYSA-N,,,O00329,PI3-KINASE P110-DELTA SUBUNIT,PIK3CD,22863202.0,pKI,6.607303046740334,NM,CC(=O)Nc1nc(C)c(s1)c2ccc(c(F)c2)S(=O)(=O)C
CHEMBL2165045,BOTIAYBHKRBVMN-UHFFFAOYSA-N,,,O00329,PI3-KINASE P110-DELTA SUBUNIT,PIK3CD,22548365.0,pKI,5.221848749616356,NM,Cc1cc(nc(N)n1)c2cccnc2Nc3cccc(O)c3
CHEMBL3401983,BZIKSZZVJAQWMC-SBBZOCNPSA-N,,,O00329,PI3-KINASE P110-DELTA SUBUNIT,PIK3CD,25827523.0,pKI,5.721246399047171,NM,NS(=O)(=O)[C@H]1C2CCC(CC2)[C@@H]1Nc3nc(ncc3F)c4c[nH]c5ncc(F)cc45
CHEMBL2414300,CCKGQFBDWRPMPC-UHFFFAOYSA-N,,,O00329,PI3-KINASE P110-DELTA SUBUNIT,PIK3CD,23867164.0,pKI,9.05551732784983,NM,CCc1nc2ccccc2n1c3nc(N4CCOCC4)c5nc(NC6CN(C6)C(=O)C(C)C)n(C)c5n3
CHEMBL2071327,CDPSHQONYNLIBI-UHFFFAOYSA-N,,,O00329,PI3-KINASE P110-DELTA SUBUNIT,PIK3CD,22863202.0,pKI,6.721246399047171,NM,CC(=O)Nc1nc(C)c(s1)c2ccc(cc2)S(=O)(=O)C
CHEMBL2165006,CGJYZCCLUUIRAJ-UHFFFAOYSA-N,,,O00329,PI3-KINASE P110-DELTA SUBUNIT,PIK3CD,22548365.0,pKI,7.823908740944319,NM,COc1ccc(Nc2ncc(Cc3ccccc3)cc2c4nc(C)nc(N)n4)cn1
CHEMBL2071338,CKUSCWLPGIBNJZ-HNNXBMFYSA-N,,,O00329,PI3-KINASE P110-DELTA SUBUNIT,PIK3CD,22863202.0,pKI,6.657577319177793,NM,Cc1nc(NC(=O)N2CCC[C@H]2C(=O)N)sc1c3ccc(cc3)n4cccn4
CHEMBL2418354,CLQHPLAUSBFUDC-AWEZNQCLSA-N,,,O00329,PI3-KINASE P110-DELTA SUBUNIT,PIK3CD,23932790.0,pKI,6.309803919971486,NM,CCNC(=O)Nc1ccc(cc1)c2nc(N3CCOC[C@@H]3C)c4nc(n(C)c4n2)C(C)(C)O
CHEMBL2165036,CNVZEXBATVQXBV-UHFFFAOYSA-N,,,O00329,PI3-KINASE P110-DELTA SUBUNIT,PIK3CD,22548365.0,pKI,5.0,NM,Nc1cc(nc(n1)C(F)(F)F)c2cccnc2Nc3cccc4[nH]ncc34
CHEMBL2071329,CPDASYVBDNZTSW-UHFFFAOYSA-N,,,O00329,PI3-KINASE P110-DELTA SUBUNIT,PIK3CD,22863202.0,pKI,7.214670164989233,NM,CC(=O)Nc1nc(C)c(s1)c2ccc(c(Br)c2)S(=O)(=O)C
CHEMBL3680918,CTXJXPBAERGWBK-UHFFFAOYSA-N,,,O00329,PI3-KINASE P110-DELTA SUBUNIT,PIK3CD,,pKI,7.050609993355087,NM,CC(Nc1ncnc(N)c1C#N)C2=C(C(=O)N3C=CC=CC3=N2)c4cc(F)cc(F)c4
CHEMBL2418349,DFFHBQFOKXDZFK-INIZCTEOSA-N,,,O00329,PI3-KINASE P110-DELTA SUBUNIT,PIK3CD,23932790.0,pKI,5.0,NM,CCNC(=O)Nc1ccc(cc1)c2nc(N3CCOC[C@@H]3CC)c4c(cnn4C)n2
CHEMBL3401979,DFYXXJJSVFEUQI-DJZCKWSOSA-N,,,O00329,PI3-KINASE P110-DELTA SUBUNIT,PIK3CD,25827523.0,pKI,5.3979400086720375,NM,Oc1onc(c1)[C@H]2C3CCC(CC3)[C@@H]2Nc4nc(ncc4F)c5c[nH]c6ncc(F)cc56
CHEMBL2165027,DLFVITASTHEQDC-UHFFFAOYSA-N,,,O00329,PI3-KINASE P110-DELTA SUBUNIT,PIK3CD,22548365.0,pKI,8.0,NM,COCc1cnc(Nc2ccc(OC)nc2)c(c1)c3nc(C)nc(N)n3
CHEMBL3401978,DMGXNXJIKAWOHP-JJIXEQETSA-N,,,O00329,PI3-KINASE P110-DELTA SUBUNIT,PIK3CD,25827523.0,pKI,6.7447274948966935,NM,Fc1cnc2[nH]cc(c3ncc(F)c(N[C@H]4C5CCC(CC5)[C@@H]4CN6OC(=O)NC6=O)n3)c2c1
CHEMBL2171924,DYLIFUUUVWZNRQ-UHFFFAOYSA-N,,,O00329,PI3-KINASE P110-DELTA SUBUNIT,PIK3CD,22876881.0,pKI,7.096910013008056,NM,Cc1c(nc2cc(F)ccc2c1N3CC4(CS(=O)(=O)C4)c5ccc(cc35)N6CCOCC6)c7ccccn7
CHEMBL2165025,DYLZJJGYKQIVGK-UHFFFAOYSA-N,,,O00329,PI3-KINASE P110-DELTA SUBUNIT,PIK3CD,22548365.0,pKI,8.154901959985743,NM,COc1cnc(Nc2ccc(OC)nc2)c(c1)c3nc(C)nc(N)n3
CHEMBL2418352,FDDKQQRYIKXUCV-UHFFFAOYSA-N,,,O00329,PI3-KINASE P110-DELTA SUBUNIT,PIK3CD,23932790.0,pKI,8.397940008672037,NM,CC(C)(O)c1nc2c(nc(nc2n1CCO)c3cnc(N)nc3)N4CCOCC4
CHEMBL1615182,FEBJYEFFVIDUNF-UHFFFAOYSA-N,,,O00329,PI3-KINASE P110-DELTA SUBUNIT,PIK3CD,22548365.0,pKI,7.2839966563652006,NM,Oc1cccc(Nc2nc3ccccc3n2c4ncnc(NCC#N)n4)c1
CHEMBL1822054,FHOXICOTPQTJOQ-UHFFFAOYSA-N,,,O00329,PI3-KINASE P110-DELTA SUBUNIT,PIK3CD,21714526.0,pKI,9.096910013008056,NM,CC(=O)Nc1cn2nc(ccc2n1)c3cnc(Cl)c(NS(=O)(=O)c4ccc(F)cc4)c3
CHEMBL2165022,FPDKFSHCGOROGZ-UHFFFAOYSA-N,,,O00329,PI3-KINASE P110-DELTA SUBUNIT,PIK3CD,22548365.0,pKI,7.4089353929735005,NM,COc1ccc(Nc2ncc(Cl)cc2c3nc(C)nc(N)n3)cn1
CHEMBL3401986,FQAOJJZIGINGIO-VOGSPBGVSA-N,,,O00329,PI3-KINASE P110-DELTA SUBUNIT,PIK3CD,25827523.0,pKI,5.3979400086720375,NM,CNC(=O)[C@H]1C2CCC(CC2)[C@@H]1Nc3nc(ncc3F)c4c[nH]c5ncc(F)cc45
CHEMBL3680921,FQORRSQXKQZBTG-UHFFFAOYSA-N,,,O00329,PI3-KINASE P110-DELTA SUBUNIT,PIK3CD,,pKI,6.326979092871103,NM,CC(Nc1ncnc(N)c1C#N)C2=C(C(=O)N3C=CC=CC3=N2)c4cc(C)ccn4
CHEMBL3680913,FQORRSQXKQZBTG-ZDUSSCGKSA-N,,,O00329,PI3-KINASE P110-DELTA SUBUNIT,PIK3CD,,pKI,6.638272163982407,NM,C[C@H](Nc1ncnc(N)c1C#N)C2=C(C(=O)N3C=CC=CC3=N2)c4cc(C)ccn4
CHEMBL2216901,FUFSMSPXQAGYLS-UHFFFAOYSA-N,,,O00329,PI3-KINASE P110-DELTA SUBUNIT,PIK3CD,22924688.0,pKI,8.309803919971486,NM,CN(C)C1CCN(Cc2cc3nc(nc(N4CCOCC4)c3s2)c5cccc6[nH]ccc56)CC1
CHEMBL2331664,GACQNUHFDBEIQH-HNNXBMFYSA-N,PF-04979064,,O00329,PI3-KINASE P110-DELTA SUBUNIT,PIK3CD,,pKI,9.913640169325252,NM,C[C@H](O)C(=O)N1CCC(CC1)N2C(=O)N(C)c3cnc4ccc(nc4c23)c5ccc(C)nc5
CHEMBL3680928,GAGFVVAGSUEEKQ-LLVKDONJSA-N,,,O00329,PI3-KINASE P110-DELTA SUBUNIT,PIK3CD,,pKI,4.668528162739573,NM,C[C@@H](Nc1ncnc2[nH]cnc12)C3=C(C(=O)N4C=C(F)C=CC4=N3)c5ccccn5
CHEMBL3680929,GAGFVVAGSUEEKQ-NSHDSACASA-N,,,O00329,PI3-KINASE P110-DELTA SUBUNIT,PIK3CD,,pKI,6.735890843694191,NM,C[C@H](Nc1ncnc2[nH]cnc12)C3=C(C(=O)N4C=C(F)C=CC4=N3)c5ccccn5
CHEMBL3680930,GAGFVVAGSUEEKQ-UHFFFAOYSA-N,,,O00329,PI3-KINASE P110-DELTA SUBUNIT,PIK3CD,,pKI,6.181312336558486,NM,CC(Nc1ncnc2[nH]cnc12)C3=C(C(=O)N4C=C(F)C=CC4=N3)c5ccccn5
CHEMBL2171925,GHDPSZSZAZSGTG-UHFFFAOYSA-N,,,O00329,PI3-KINASE P110-DELTA SUBUNIT,PIK3CD,22876881.0,pKI,6.812479279163537,NM,Cc1c(N2CC(CO)(CO)c3ccc(cc23)N4CCOCC4)c5ccc(F)cc5nc1c6ccccn6
CHEMBL2414238,GNSTZGWRZZSODE-UHFFFAOYSA-N,,,O00329,PI3-KINASE P110-DELTA SUBUNIT,PIK3CD,23867164.0,pKI,8.958607314841775,NM,CC(C)(O)C1CCN(Cc2cc3nc(nc(N4CCOCC4)c3s2)c5cccc6[nH]ncc56)CC1
CHEMBL1213082,GNWHRHGTIBRNSM-UHFFFAOYSA-N,,,O00329,PI3-KINASE P110-DELTA SUBUNIT,PIK3CD,15975507.0,pKI,7.698970004336019,NM,Cc1ccccc1N2C(=Nc3cccc(C)c3C2=O)Cn4cnc5c(N)ncnc45
CHEMBL2071335,GOGGLHLMEJTXOK-ZDUSSCGKSA-N,,,O00329,PI3-KINASE P110-DELTA SUBUNIT,PIK3CD,22863202.0,pKI,5.441291429466834,NM,Cc1nc(NC(=O)N2CCC[C@H]2C(=O)N)sc1c3ccc(cc3)S(=O)(=O)C
CHEMBL3401975,GUZDKGKFDUYPQP-SBBZOCNPSA-N,,,O00329,PI3-KINASE P110-DELTA SUBUNIT,PIK3CD,25827523.0,pKI,5.3979400086720375,NM,Fc1cnc2[nH]cc(c3ncc(F)c(N[C@H]4C5CCC(CC5)[C@@H]4c6nnn[nH]6)n3)c2c1
CHEMBL2165035,HARJKCVVWJVELN-UHFFFAOYSA-N,,,O00329,PI3-KINASE P110-DELTA SUBUNIT,PIK3CD,22548365.0,pKI,6.0915149811213505,NM,Cc1nc(N)c(F)c(n1)c2cccnc2Nc3cccc4[nH]ncc34
CHEMBL2171939,HHEZTSWNWDNXKB-UHFFFAOYSA-N,,,O00329,PI3-KINASE P110-DELTA SUBUNIT,PIK3CD,23867164.0,pKI,8.744727494896694,NM,CCc1nc2ccccc2n1c3nc(N4CCOCC4)c5nc(CN6CCN(CC6)C(C)(C)C(=O)N)n(C)c5n3
CHEMBL2165031,HJMSDMFCCDZFIX-UHFFFAOYSA-N,,,O00329,PI3-KINASE P110-DELTA SUBUNIT,PIK3CD,22548365.0,pKI,7.795880017344075,NM,COc1ccc(Nc2ncc(cc2c3nc(C)nc(N)n3)N4CCN(C)CC4)cn1
CHEMBL2165037,HMCXLHKQRBBRRQ-UHFFFAOYSA-N,,,O00329,PI3-KINASE P110-DELTA SUBUNIT,PIK3CD,22548365.0,pKI,6.455931955649724,NM,Cc1nc(c2cccnc2Nc3cccc4[nH]ncc34)c5nc[nH]c5n1
CHEMBL2418337,HMPQQYCOBUJYSG-ZDUSSCGKSA-N,,,O00329,PI3-KINASE P110-DELTA SUBUNIT,PIK3CD,23932790.0,pKI,6.050609993355087,NM,CCNC(=O)Nc1ccc(cc1)c2nc(N3CCOC[C@@H]3C)c4ncn(C)c4n2
CHEMBL2165051,HQPMEVMEMPHSDM-UHFFFAOYSA-N,,,O00329,PI3-KINASE P110-DELTA SUBUNIT,PIK3CD,22548365.0,pKI,8.522878745280337,NM,Cc1ncnc(n1)n2c(Nc3cccc(O)c3)nc4ccccc24
CHEMBL2165021,IFEHHBCJSIHKDR-UHFFFAOYSA-N,,,O00329,PI3-KINASE P110-DELTA SUBUNIT,PIK3CD,22548365.0,pKI,6.886056647693163,NM,COc1ccc(Nc2nccnc2c3cc(N)nc(C)n3)cn1
CHEMBL2165030,IFIUXKIVTAKIHT-UHFFFAOYSA-N,,,O00329,PI3-KINASE P110-DELTA SUBUNIT,PIK3CD,22548365.0,pKI,8.698970004336019,NM,COc1ccc(Nc2ncc(cc2c3nc(C)nc(N)n3)C4=CCOCC4)cn1
CHEMBL2216890,IHPFVYXNHLEYGV-UHFFFAOYSA-N,,,O00329,PI3-KINASE P110-DELTA SUBUNIT,PIK3CD,22924688.0,pKI,8.54515513999149,NM,Cc1c(Nc2cc(cnc2c3ccc(O)cc3)N4CCOCC4)c5c(F)cc(F)cc5nc1c6ccccn6
CHEMBL2171930,IHXYNQCIZAQJGQ-UHFFFAOYSA-N,,,O00329,PI3-KINASE P110-DELTA SUBUNIT,PIK3CD,22876881.0,pKI,8.522878745280337,NM,Cc1c(nc2cc(F)ccc2c1N3CC(C)(C)c4ncc(cc34)c5ccnc(N)n5)c6ccccn6
CHEMBL2165020,IMXXTFKFHMPFMA-UHFFFAOYSA-N,,,O00329,PI3-KINASE P110-DELTA SUBUNIT,PIK3CD,22548365.0,pKI,8.397940008672037,NM,COc1ccc(Nc2ncc(CC3CCN(CC3)S(=O)(=O)C)cc2c4nc(C)nc(N)n4)cn1
CHEMBL2418338,IPHNOCGBVIOIIF-AWEZNQCLSA-N,,,O00329,PI3-KINASE P110-DELTA SUBUNIT,PIK3CD,23932790.0,pKI,5.136677139879544,NM,CCNC(=O)Nc1ccc(cc1)c2nc(N3CCOC[C@@H]3C)c4c(n2)nc(n4C)C(C)(C)O
CHEMBL2165052,ITUBWSOGJQVWCJ-UHFFFAOYSA-N,,,O00329,PI3-KINASE P110-DELTA SUBUNIT,PIK3CD,22548365.0,pKI,8.045757490560675,NM,Cc1nc(N)nc(n1)c2cccnc2Nc3cccc(O)c3
CHEMBL2069328,IUPXLLWDLOWEBR-UHFFFAOYSA-N,,,O00329,PI3-KINASE P110-DELTA SUBUNIT,PIK3CD,22863202.0,pKI,6.130768280269024,NM,CC(=O)c1ccc(cc1)c2sc(NC(=O)NCCC(=O)NC(C)(C)C)nc2C
CHEMBL3401988,IYFIEJRWVMLGOG-DFYNNNJYSA-N,,,O00329,PI3-KINASE P110-DELTA SUBUNIT,PIK3CD,25827523.0,pKI,5.6020599913279625,NM,Cc1noc(n1)[C@H]2C3CCC(CC3)[C@@H]2Nc4nc(ncc4F)c5c[nH]c6ncc(F)cc56
CHEMBL3618245,IYNZEXDVRAZUPW-UHFFFAOYSA-N,,,O00329,PI3-KINASE P110-DELTA SUBUNIT,PIK3CD,26298499.0,pKI,9.221848749616356,NM,COc1ncc(Nc2nc3ccc(cn3c2c4nc(C)nc(N)n4)C(C)(C)O)cc1F
CHEMBL2165026,JJRKQAAMIWSSRQ-UHFFFAOYSA-N,,,O00329,PI3-KINASE P110-DELTA SUBUNIT,PIK3CD,22548365.0,pKI,7.698970004336019,NM,COc1ccc(Nc2ncc(CO)cc2c3nc(C)nc(N)n3)cn1
CHEMBL2071328,JKTIFEDMWIOIIM-UHFFFAOYSA-N,,,O00329,PI3-KINASE P110-DELTA SUBUNIT,PIK3CD,22863202.0,pKI,7.102372908709558,NM,CC(=O)Nc1nc(C)c(s1)c2ccc(c(Cl)c2)S(=O)(=O)C
CHEMBL2418346,JMWDTMSHFAJXAF-AWEZNQCLSA-N,,,O00329,PI3-KINASE P110-DELTA SUBUNIT,PIK3CD,23932790.0,pKI,5.0,NM,CCNC(=O)Nc1ccc(cc1)c2nc(N3CCOC[C@@H]3C)c4c(ccn4C)n2
CHEMBL2165028,JRWLTKDVIINVLC-UHFFFAOYSA-N,,,O00329,PI3-KINASE P110-DELTA SUBUNIT,PIK3CD,22548365.0,pKI,7.522878745280337,NM,COCCNCc1cnc(Nc2ccc(OC)nc2)c(c1)c3nc(C)nc(N)n3
CHEMBL3401981,JYDWJFDOWRSYSW-DJZCKWSOSA-N,,,O00329,PI3-KINASE P110-DELTA SUBUNIT,PIK3CD,25827523.0,pKI,5.3979400086720375,NM,Oc1cc(on1)[C@H]2C3CCC(CC3)[C@@H]2Nc4nc(ncc4F)c5c[nH]c6ncc(F)cc56
CHEMBL2171931,JZYCUVQYCHLFBL-UHFFFAOYSA-N,,,O00329,PI3-KINASE P110-DELTA SUBUNIT,PIK3CD,22876881.0,pKI,7.958607314841775,NM,Cc1c(nc2cc(F)ccc2c1N3CC4(CCOCC4)c5ncc(cc35)N6CCOCC6)c7ccccn7
CHEMBL2216903,KDXGIMDDVFVVKU-UHFFFAOYSA-N,,,O00329,PI3-KINASE P110-DELTA SUBUNIT,PIK3CD,22924688.0,pKI,9.239577516576787,NM,CCc1nc2ccccc2n1c3nc(N4CCOCC4)c5nc(OC6CN(C6)C(=O)C(C)C)n(C)c5n3
CHEMBL2216903,KDXGIMDDVFVVKU-UHFFFAOYSA-N,,,O00329,PI3-KINASE P110-DELTA SUBUNIT,PIK3CD,23867164.0,pKI,9.236572006437063,NM,CCc1nc2ccccc2n1c3nc(N4CCOCC4)c5nc(OC6CN(C6)C(=O)C(C)C)n(C)c5n3
CHEMBL2165013,KEDQOULNSHVTKP-UHFFFAOYSA-N,,,O00329,PI3-KINASE P110-DELTA SUBUNIT,PIK3CD,22548365.0,pKI,7.568636235841013,NM,COc1ccc(Nc2ncc(CN3CCNCC3)cc2c4nc(C)nc(N)n4)cn1
CHEMBL2171927,KGXLVFJRLHEYIM-UHFFFAOYSA-N,,,O00329,PI3-KINASE P110-DELTA SUBUNIT,PIK3CD,22876881.0,pKI,8.0,NM,Cc1c(nc2cc(F)ccc2c1N3CC(C)(C)c4ccc(cc34)c5ccnc(N)n5)c6ccccn6
CHEMBL2216850,KIULGSBTOQMNRH-UHFFFAOYSA-N,,,O00329,PI3-KINASE P110-DELTA SUBUNIT,PIK3CD,22924688.0,pKI,8.522878745280337,NM,CCN(CC)C(=O)c1cccc(Nc2nc3ccc(cc3s2)c4cncc(OC)c4)n1
CHEMBL2206921,KLMZZLVCEDUTEA-UHFFFAOYSA-N,,,O00329,PI3-KINASE P110-DELTA SUBUNIT,PIK3CD,22832322.0,pKI,9.397940008672037,NM,CN(C)S(=O)(=O)Nc1cc(Nc2ncc(Cl)cc2c3nc(C)nc(N)n3)cnc1Cl
CHEMBL2414299,KMGKVECMDLRSGJ-UHFFFAOYSA-N,,,O00329,PI3-KINASE P110-DELTA SUBUNIT,PIK3CD,23867164.0,pKI,9.638272163982407,NM,CCc1nc2ccccc2n1c3nc(N4CCOCC4)c5nc(CC6CN(C6)C7CCS(=O)(=O)CC7)n(C)c5n3
CHEMBL2165008,KPKRMMWVCSAMKZ-UHFFFAOYSA-N,,,O00329,PI3-KINASE P110-DELTA SUBUNIT,PIK3CD,22548365.0,pKI,7.221848749616356,NM,COc1ccc(Nc2ncc(CN3CCCC3)cc2c4nc(C)nc(N)n4)cn1
CHEMBL2165033,KRSNHRXVUCZIHY-UHFFFAOYSA-N,,,O00329,PI3-KINASE P110-DELTA SUBUNIT,PIK3CD,22548365.0,pKI,8.221848749616356,NM,COc1ccc(Nc2ncc(cc2c3nc(C)nc(N)n3)c4cnn(C)c4)cn1
CHEMBL2414296,KVHVEZBOOQCIIR-UHFFFAOYSA-N,,,O00329,PI3-KINASE P110-DELTA SUBUNIT,PIK3CD,23867164.0,pKI,8.508638306165727,NM,CCc1nc2ccccc2n1c3nc(N4CCOCC4)c5nc(C(=O)N6CCC(CC6)C(C)(C)O)n(C)c5n3
CHEMBL521851,LHNIIDJUOCFXAP-UHFFFAOYSA-N,PICTILISIB,,O00329,PI3-KINASE P110-DELTA SUBUNIT,PIK3CD,23540645.0,pKI,7.508638306165727,NM,CS(=O)(=O)N1CCN(Cc2cc3nc(nc(N4CCOCC4)c3s2)c5cccc6[nH]ncc56)CC1
CHEMBL2165032,LJLOTRKTBODGRQ-UHFFFAOYSA-N,,,O00329,PI3-KINASE P110-DELTA SUBUNIT,PIK3CD,22548365.0,pKI,8.154901959985743,NM,COc1ccc(Nc2ncc(cc2c3nc(C)nc(N)n3)c4ccc(C)nc4)cn1
CHEMBL2165034,LOXQLWVHDSHBPP-UHFFFAOYSA-N,,,O00329,PI3-KINASE P110-DELTA SUBUNIT,PIK3CD,22548365.0,pKI,7.301029995663981,NM,COc1ccc(Nc2ncc(CN3CCC3)cc2c4nc(C)nc(N)n4)cn1
CHEMBL2206906,LPQNHUUMWHCKNU-UHFFFAOYSA-N,,,O00329,PI3-KINASE P110-DELTA SUBUNIT,PIK3CD,22832322.0,pKI,8.214670164989233,NM,COCCOc1cnc(Nc2cnc(Cl)c(NS(=O)(=O)C)c2)c(c1)c3nc(C)nc(N)n3
CHEMBL2165268,LVUPFSONRUTLLF-UHFFFAOYSA-N,,,O00329,PI3-KINASE P110-DELTA SUBUNIT,PIK3CD,22548365.0,pKI,7.6020599913279625,NM,Cc1nc(N)nc(n1)c2cccnc2Nc3cccc4[nH]ccc34
CHEMBL2414297,MDHQOWGCIBPNHT-UHFFFAOYSA-N,,,O00329,PI3-KINASE P110-DELTA SUBUNIT,PIK3CD,23867164.0,pKI,9.229147988357855,NM,CCc1nc2ccccc2n1c3nc(N4CCOCC4)c5nc(N(C)C6CN(C6)C7CCS(=O)(=O)CC7)n(C)c5n3
CHEMBL3675615,MHPVRYQHDKYIDU-UHFFFAOYSA-N,,,O00329,PI3-KINASE P110-DELTA SUBUNIT,PIK3CD,,pKI,7.3979400086720375,NM,CC(C1=Nc2ccsc2C(=O)N1c3ccccc3)n4cnc5c(N)ncnc45
CHEMBL2418351,MKLJKVWGDOVVKJ-GJZGRUSLSA-N,,,O00329,PI3-KINASE P110-DELTA SUBUNIT,PIK3CD,23932790.0,pKI,5.28844583174983,NM,CCNC(=O)Nc1ccc(cc1)c2nc(N3C[C@@H]4C[C@H]3CO4)c5c(cnn5C)n2
CHEMBL2165043,MMIJETCSDONNGS-UHFFFAOYSA-N,,,O00329,PI3-KINASE P110-DELTA SUBUNIT,PIK3CD,22548365.0,pKI,5.0,NM,Cc1cc(nc(N)n1)c2cccnc2Oc3cccc4[nH]ccc34
CHEMBL2216848,MOVQWBBLACTWID-UHFFFAOYSA-N,,,O00329,PI3-KINASE P110-DELTA SUBUNIT,PIK3CD,22924688.0,pKI,8.522878745280337,NM,CCOC(=O)CCNC(=O)Nc1nc2CCN(Cc2s1)c3cnc(Cl)c(OC)c3
CHEMBL1762782,MOYOOFRKRSCAKY-UHFFFAOYSA-N,,,O00329,PI3-KINASE P110-DELTA SUBUNIT,PIK3CD,22548365.0,pKI,7.958607314841775,NM,Cc1nc(NCC#N)nc(n1)n2c(Nc3cccc(O)c3)nc4ccccc24
CHEMBL2206913,MYQDIPJMQYEWIZ-UHFFFAOYSA-N,,,O00329,PI3-KINASE P110-DELTA SUBUNIT,PIK3CD,22832322.0,pKI,8.920818753952375,NM,Cc1nc(N)nc(n1)c2cccnc2Nc3cnc(Cl)c(NS(=O)(=O)C)c3
CHEMBL2414301,NAKXCFBVYFGHFQ-UHFFFAOYSA-N,,,O00329,PI3-KINASE P110-DELTA SUBUNIT,PIK3CD,23867164.0,pKI,9.443697499232712,NM,CCc1nc2ccccc2n1c3nc(N4CCOCC4)c5nc(CC6CN(C6)C(=O)C(C)C)n(C)c5n3
CHEMBL3401985,NHGXNIGDTNEHGJ-DJZCKWSOSA-N,,,O00329,PI3-KINASE P110-DELTA SUBUNIT,PIK3CD,25827523.0,pKI,5.3979400086720375,NM,Oc1cc([nH]n1)[C@H]2C3CCC(CC3)[C@@H]2Nc4nc(ncc4F)c5c[nH]c6ncc(F)cc56
CHEMBL3680914,NLUXVLQKLRTFSM-LBPRGKRZSA-N,,,O00329,PI3-KINASE P110-DELTA SUBUNIT,PIK3CD,,pKI,7.372634143407267,NM,C[C@H](Nc1ncnc(N)c1C#N)C2=C(C(=O)N3C=CC=CC3=N2)c4ccccn4
CHEMBL3680922,NLUXVLQKLRTFSM-UHFFFAOYSA-N,,,O00329,PI3-KINASE P110-DELTA SUBUNIT,PIK3CD,,pKI,6.982966660701219,NM,CC(Nc1ncnc(N)c1C#N)C2=C(C(=O)N3C=CC=CC3=N2)c4ccccn4
CHEMBL2165012,NOEYFOUOAVCIAX-CQSZACIVSA-N,,,O00329,PI3-KINASE P110-DELTA SUBUNIT,PIK3CD,22548365.0,pKI,7.292429823902063,NM,COc1ccc(Nc2ncc(CN3CC[C@@H](CO)C3)cc2c4nc(C)nc(N)n4)cn1
CHEMBL3680907,NQXZSJKCRANMSZ-UHFFFAOYSA-N,,,O00329,PI3-KINASE P110-DELTA SUBUNIT,PIK3CD,,pKI,6.148313684557572,NM,CC1=CC=CC2=NC(=C(C(=O)N12)c3cccc(F)c3)CNc4ncnc5[nH]cnc45
CHEMBL2165018,NRFWIMBKAYHJFY-UHFFFAOYSA-N,,,O00329,PI3-KINASE P110-DELTA SUBUNIT,PIK3CD,22548365.0,pKI,8.221848749616356,NM,COc1ccc(Nc2ncc(CN3CCN(CC3)S(=O)(=O)N(C)C)cc2c4nc(C)nc(N)n4)cn1
CHEMBL2165005,NYHQXLSMSMLVGN-UHFFFAOYSA-N,,,O00329,PI3-KINASE P110-DELTA SUBUNIT,PIK3CD,22548365.0,pKI,7.886056647693163,NM,COc1ccc(Nc2ncc(CN3CCS(=O)(=O)CC3)cc2c4nc(C)nc(N)n4)cn1
CHEMBL3680909,OAJJKJQNHKZCLO-CYBMUJFWSA-N,,,O00329,PI3-KINASE P110-DELTA SUBUNIT,PIK3CD,,pKI,4.609064892896621,NM,C[C@@H](Nc1ncnc(N)c1C#N)C2=C(C(=O)N3C=CC=CC3=N2)c4ccccc4S(=O)(=O)C
CHEMBL3680917,OAJJKJQNHKZCLO-UHFFFAOYSA-N,,,O00329,PI3-KINASE P110-DELTA SUBUNIT,PIK3CD,,pKI,7.277366077466188,NM,CC(Nc1ncnc(N)c1C#N)C2=C(C(=O)N3C=CC=CC3=N2)c4ccccc4S(=O)(=O)C
CHEMBL2165038,OBMONDJKDAOWHR-UHFFFAOYSA-N,,,O00329,PI3-KINASE P110-DELTA SUBUNIT,PIK3CD,22548365.0,pKI,6.443697499232712,NM,Cc1nc(c2cccnc2Nc3cccc4[nH]ccc34)c5nc[nH]c5n1
CHEMBL2165270,OFOLNFFDYMUPIF-UHFFFAOYSA-N,,,O00329,PI3-KINASE P110-DELTA SUBUNIT,PIK3CD,22548365.0,pKI,7.251811972993799,NM,Cc1nc(N)cc(n1)c2cccnc2Nc3cccc(O)c3
CHEMBL2165010,OIPZJHZMJMKKBK-UHFFFAOYSA-N,,,O00329,PI3-KINASE P110-DELTA SUBUNIT,PIK3CD,22548365.0,pKI,7.7447274948966935,NM,COc1ccc(Nc2ncc(CN3CCOCC3)cc2c4nc(C)nc(N)n4)cn1
CHEMBL3675616,OMURHYASVBANRY-UHFFFAOYSA-N,,,O00329,PI3-KINASE P110-DELTA SUBUNIT,PIK3CD,,pKI,8.221848749616356,NM,CC(Nc1ncnc2nc[nH]c12)C3=Nc4ccsc4C(=O)N3c5ccccc5
CHEMBL2165003,ONJSIGPCPAOGNJ-UHFFFAOYSA-N,,,O00329,PI3-KINASE P110-DELTA SUBUNIT,PIK3CD,22548365.0,pKI,7.6777807052660805,NM,COc1ccc(Nc2ncc(CN3CCCN(CC3)S(=O)(=O)C)cc2c4nc(C)nc(N)n4)cn1
CHEMBL2165040,OSWNLJFEDVBKFP-UHFFFAOYSA-N,,,O00329,PI3-KINASE P110-DELTA SUBUNIT,PIK3CD,22548365.0,pKI,5.0,NM,N(c1cccc2[nH]ncc12)c3ncccc3c4ncnc5[nH]cnc45
CHEMBL2165044,OZMJSHHWBZKOGS-UHFFFAOYSA-N,,,O00329,PI3-KINASE P110-DELTA SUBUNIT,PIK3CD,22548365.0,pKI,5.0,NM,COc1ccc(cn1)N(C)c2ncccc2c3nc(C)nc(N)n3
CHEMBL2071334,OZUSDWCWJBOURA-UHFFFAOYSA-N,,,O00329,PI3-KINASE P110-DELTA SUBUNIT,PIK3CD,22863202.0,pKI,6.585026652029182,NM,CC(=O)Nc1nc(C)c(s1)c2ccc(cc2)C(=O)C
CHEMBL3675617,PFJKYYFKFHTRQY-UHFFFAOYSA-N,,,O00329,PI3-KINASE P110-DELTA SUBUNIT,PIK3CD,,pKI,8.301029995663981,NM,CC(Nc1ncnc2nc[nH]c12)C3=Nc4cccc(C)c4C(=O)N3c5ccccc5
CHEMBL2171952,PLYQHZOHGCYECW-UHFFFAOYSA-N,,,O00329,PI3-KINASE P110-DELTA SUBUNIT,PIK3CD,23867164.0,pKI,8.698970004336019,NM,CC(C)c1nc2ccccc2n1c3nc(N4CCOCC4)c5nc(CN6CCC(CC6)C(C)(C)O)n(C)c5n3
CHEMBL2165011,PLZWKQZPZPLCFY-UHFFFAOYSA-N,,,O00329,PI3-KINASE P110-DELTA SUBUNIT,PIK3CD,22548365.0,pKI,7.200659450546418,NM,COc1ccc(Nc2ncc(CN3CCC(O)CC3)cc2c4nc(C)nc(N)n4)cn1
CHEMBL3401990,PMGPBZHUTBKGCZ-VOGSPBGVSA-N,,,O00329,PI3-KINASE P110-DELTA SUBUNIT,PIK3CD,25827523.0,pKI,5.481486060122113,NM,CS(=O)(=O)[C@H]1C2CCC(CC2)[C@@H]1Nc3nc(ncc3F)c4c[nH]c5ncc(F)cc45
CHEMBL3680927,PPRKCQWYQAAKMF-UHFFFAOYSA-N,,,O00329,PI3-KINASE P110-DELTA SUBUNIT,PIK3CD,,pKI,5.0126019008629825,NM,CC1=CC=CC2=NC(=C(C(=O)N12)c3ccccc3C)CSc4ncnc5nc[nH]c45
CHEMBL2414298,PVAHRMVXBZGNMN-UHFFFAOYSA-N,,,O00329,PI3-KINASE P110-DELTA SUBUNIT,PIK3CD,23867164.0,pKI,9.045757490560675,NM,CCc1nc2ccccc2n1c3nc(N4CCOCC4)c5nc(NC6CN(C6)C7CCS(=O)(=O)CC7)n(C)c5n3
CHEMBL3680912,QACBWDUENHPCEY-LBPRGKRZSA-N,,,O00329,PI3-KINASE P110-DELTA SUBUNIT,PIK3CD,,pKI,7.804100347590766,NM,C[C@H](Nc1ncnc(N)c1C#N)C2=C(C(=O)N3C=CC=CC3=N2)c4cccc(F)c4
CHEMBL3680920,QACBWDUENHPCEY-UHFFFAOYSA-N,,,O00329,PI3-KINASE P110-DELTA SUBUNIT,PIK3CD,,pKI,7.243363891754152,NM,CC(Nc1ncnc(N)c1C#N)C2=C(C(=O)N3C=CC=CC3=N2)c4cccc(F)c4
CHEMBL2165014,QIBHHZDVUBRFRC-UHFFFAOYSA-N,,,O00329,PI3-KINASE P110-DELTA SUBUNIT,PIK3CD,22548365.0,pKI,7.468521082957745,NM,COc1ccc(Nc2ncc(CN3CCN(C)CC3)cc2c4nc(C)nc(N)n4)cn1
CHEMBL2071333,QLEVPCMTGKFOAI-UHFFFAOYSA-N,,,O00329,PI3-KINASE P110-DELTA SUBUNIT,PIK3CD,22863202.0,pKI,7.721246399047171,NM,CC(=O)Nc1nc(C)c(s1)c2ccc(cc2)n3cccn3
CHEMBL2165050,QMMDEPVOHKKXOW-UHFFFAOYSA-N,,,O00329,PI3-KINASE P110-DELTA SUBUNIT,PIK3CD,22548365.0,pKI,6.522878745280337,NM,COc1ccc(Nc2nccnc2c3nc(C)nc(N)n3)cn1
CHEMBL2216871,QNIRTQZHXPSGMQ-UHFFFAOYSA-N,,,O00329,PI3-KINASE P110-DELTA SUBUNIT,PIK3CD,22924688.0,pKI,8.154901959985743,NM,CC(C1=Nc2cccc(C)c2C(=O)N1c3ccccc3)n4cnc5c(N)ncnc45
CHEMBL2216871,QNIRTQZHXPSGMQ-UHFFFAOYSA-N,,,O00329,PI3-KINASE P110-DELTA SUBUNIT,PIK3CD,,pKI,8.154901959985743,NM,CC(C1=Nc2cccc(C)c2C(=O)N1c3ccccc3)n4cnc5c(N)ncnc45
CHEMBL2414295,QTICLDNEBJPUTR-UHFFFAOYSA-N,,,O00329,PI3-KINASE P110-DELTA SUBUNIT,PIK3CD,23867164.0,pKI,7.896196279044043,NM,CCc1nc2ccccc2n1c3nc(N4CCOCC4)c5sc(C(=O)N6CCN(CC6)C(C)(C)C(=O)N)c(C)c5n3
CHEMBL2071336,QYQCPRXWGNJKFL-LBPRGKRZSA-N,,,O00329,PI3-KINASE P110-DELTA SUBUNIT,PIK3CD,22863202.0,pKI,5.5376020021010435,NM,Cc1nc(NC(=O)N2CCC[C@H]2C(=O)N)sc1c3ccc(c(F)c3)S(=O)(=O)C
CHEMBL2171928,QYVBQWFPPJZFHA-UHFFFAOYSA-N,,,O00329,PI3-KINASE P110-DELTA SUBUNIT,PIK3CD,22876881.0,pKI,6.347753658996677,NM,Cc1cc(nc(N)n1)c2ccc3c(c2)N(CC3(C)C)c4c(C)c(nc5cc(F)ccc45)c6ccccn6
CHEMBL2071340,QZJWXISXKGWWBT-UHFFFAOYSA-N,,,O00329,PI3-KINASE P110-DELTA SUBUNIT,PIK3CD,22863202.0,pKI,8.522878745280337,NM,Cc1onc(NC(=O)CCNC(=O)Nc2nc(C)c(s2)c3ccc(c(F)c3)S(=O)(=O)C)c1
CHEMBL2418353,RNSKAEKUJPCTAD-HNNXBMFYSA-N,,,O00329,PI3-KINASE P110-DELTA SUBUNIT,PIK3CD,23932790.0,pKI,6.795880017344075,NM,CCNC(=O)Nc1ccc(cc1)c2nc(N3CCOC[C@@H]3C)c4nc(n(CCO)c4n2)C(C)(C)O
CHEMBL2165017,RNTFRUPRTOCGJO-UHFFFAOYSA-N,,,O00329,PI3-KINASE P110-DELTA SUBUNIT,PIK3CD,22548365.0,pKI,8.698970004336019,NM,COc1ccc(Nc2ncc(CN3CCN(CC3)S(=O)(=O)C)cc2c4nc(C)nc(N)n4)cn1
CHEMBL2418340,RQSSERSPQAOXGS-AWEZNQCLSA-N,,,O00329,PI3-KINASE P110-DELTA SUBUNIT,PIK3CD,23932790.0,pKI,6.200659450546418,NM,CCNC(=O)Nc1ccc(cc1)c2nc(N3CCOC[C@@H]3C)c4ncn(CC)c4n2
CHEMBL3680931,RRTVCOAJMKLHDG-LLVKDONJSA-N,,,O00329,PI3-KINASE P110-DELTA SUBUNIT,PIK3CD,,pKI,4.70245833218184,NM,C[C@@H](Nc1ncnc2[nH]cnc12)C3=C(C(=O)N4C=C(F)C=CC4=N3)c5cccc(F)c5
CHEMBL3680932,RRTVCOAJMKLHDG-NSHDSACASA-N,,,O00329,PI3-KINASE P110-DELTA SUBUNIT,PIK3CD,,pKI,6.9582126810282485,NM,C[C@H](Nc1ncnc2[nH]cnc12)C3=C(C(=O)N4C=C(F)C=CC4=N3)c5cccc(F)c5
CHEMBL3680933,RRTVCOAJMKLHDG-UHFFFAOYSA-N,,,O00329,PI3-KINASE P110-DELTA SUBUNIT,PIK3CD,,pKI,6.443335737877431,NM,CC(Nc1ncnc2[nH]cnc12)C3=C(C(=O)N4C=C(F)C=CC4=N3)c5cccc(F)c5
CHEMBL2165501,RUHKZUQCHSCKRS-UHFFFAOYSA-N,,,O00329,PI3-KINASE P110-DELTA SUBUNIT,PIK3CD,23867164.0,pKI,8.259637310505756,NM,CCc1nc2ccccc2n1c3nc(N4CCOCC4)c5sc(CN6CCC(CC6)C(C)(C)O)cc5n3
CHEMBL2058172,SACVGFNKAAPQIB-UHFFFAOYSA-N,,,O00329,PI3-KINASE P110-DELTA SUBUNIT,PIK3CD,22819764.0,pKI,8.096910013008056,NM,COCCNC(=O)c1nc2c(nc(cn2c1C)c3cnc(N)nc3)N4CCOCC4
CHEMBL2171929,SDIGQYAPYHZBDJ-UHFFFAOYSA-N,,,O00329,PI3-KINASE P110-DELTA SUBUNIT,PIK3CD,22876881.0,pKI,8.154901959985743,NM,Cc1c(N2CC(C)(C)c3ncc(cc23)N4CCOCC4)c5ccc(F)cc5nc1c6ccccn6
CHEMBL2414294,SODRMNXUKXCMPE-UHFFFAOYSA-N,,,O00329,PI3-KINASE P110-DELTA SUBUNIT,PIK3CD,23867164.0,pKI,9.096910013008056,NM,CCc1nc2ccccc2n1c3nc(N4CCOCC4)c5nc(C(=O)N6CCN(CC6)C(C)(C)C(=O)N)n(C)c5n3
CHEMBL2216847,SXNPGCACTUWHLZ-UHFFFAOYSA-N,,,O00329,PI3-KINASE P110-DELTA SUBUNIT,PIK3CD,22924688.0,pKI,7.0,NM,CC(=O)NCCNS(=O)(=O)c1oc(cc1)c2sc(NC(=O)C)nc2C
CHEMBL2165024,SZCHCSAKGOOKBA-UHFFFAOYSA-N,,,O00329,PI3-KINASE P110-DELTA SUBUNIT,PIK3CD,22548365.0,pKI,6.958607314841775,NM,COc1ccc(Nc2ncc(C)cc2c3nc(C)nc(N)n3)cn1
CHEMBL2165047,TVSHFFVDNISOGF-UHFFFAOYSA-N,,,O00329,PI3-KINASE P110-DELTA SUBUNIT,PIK3CD,22548365.0,pKI,6.619788758288394,NM,COc1ccc(Nc2cnccc2c3nc(C)nc(N)n3)cn1
CHEMBL3680905,UAFJYRXPRSODCX-CYBMUJFWSA-N,,,O00329,PI3-KINASE P110-DELTA SUBUNIT,PIK3CD,,pKI,6.095609079987638,NM,C[C@@H](Nc1ncnc2[nH]cnc12)C3=C(C(=O)N4C(=CC=CC4=N3)C)c5cccc(F)c5
CHEMBL3680908,UAFJYRXPRSODCX-UHFFFAOYSA-N,,,O00329,PI3-KINASE P110-DELTA SUBUNIT,PIK3CD,,pKI,7.557520230935552,NM,CC(Nc1ncnc2[nH]cnc12)C3=C(C(=O)N4C(=CC=CC4=N3)C)c5cccc(F)c5
CHEMBL3680906,UAFJYRXPRSODCX-ZDUSSCGKSA-N,,,O00329,PI3-KINASE P110-DELTA SUBUNIT,PIK3CD,,pKI,7.636388020107856,NM,C[C@H](Nc1ncnc2[nH]cnc12)C3=C(C(=O)N4C(=CC=CC4=N3)C)c5cccc(F)c5
CHEMBL2165041,UFWMPADLCCNCKA-UHFFFAOYSA-N,,,O00329,PI3-KINASE P110-DELTA SUBUNIT,PIK3CD,22548365.0,pKI,5.2441251443275085,NM,COc1ccc(Nc2ncccc2c3ncnc4[nH]cnc34)cn1
CHEMBL2071341,UGXHPLJCSWLUIK-UHFFFAOYSA-N,,,O00329,PI3-KINASE P110-DELTA SUBUNIT,PIK3CD,22863202.0,pKI,6.42021640338319,NM,Cc1nc(NC(=O)NCCC(=O)OC(C)(C)C)sc1c2ccc(c(F)c2)S(=O)(=O)C
CHEMBL2165029,UMNVNHUOVNNHPM-UHFFFAOYSA-N,,,O00329,PI3-KINASE P110-DELTA SUBUNIT,PIK3CD,22548365.0,pKI,8.397940008672037,NM,COc1ccc(Nc2ncc(cc2c3nc(C)nc(N)n3)N4CCOCC4)cn1
CHEMBL2071331,UNPCEUDDZMOCCV-UHFFFAOYSA-N,,,O00329,PI3-KINASE P110-DELTA SUBUNIT,PIK3CD,22863202.0,pKI,7.102372908709558,NM,CC(=O)Nc1nc(C)c(s1)c2ccc(c(c2)C#N)S(=O)(=O)C
CHEMBL2216895,UOKYCGVSKJAHTC-LBPRGKRZSA-N,,,O00329,PI3-KINASE P110-DELTA SUBUNIT,PIK3CD,22924688.0,pKI,9.698970004336019,NM,C[C@H](Nc1ncnc(N)c1C#N)c2nc3ccc(F)cc3n2c4ccccc4
CHEMBL2418350,UOSMQIZUJQHAMW-KRWDZBQOSA-N,,,O00329,PI3-KINASE P110-DELTA SUBUNIT,PIK3CD,23932790.0,pKI,5.0,NM,CCNC(=O)Nc1ccc(cc1)c2nc(N3CCOC[C@@H]3CC)c4c(n2)c(C)nn4C
CHEMBL2418347,UQQNCUSOTQLDEE-KRWDZBQOSA-N,,,O00329,PI3-KINASE P110-DELTA SUBUNIT,PIK3CD,23932790.0,pKI,5.0,NM,CCNC(=O)Nc1ccc(cc1)c2nc(N3CCOC[C@@H]3CC)c4c(ccn4C)n2
CHEMBL2216891,UTGXNWZGHBVBBO-UHFFFAOYSA-N,,,O00329,PI3-KINASE P110-DELTA SUBUNIT,PIK3CD,22924688.0,pKI,8.978810700930062,NM,Cc1ccc(c(c1)c2nc3cc(F)cc(F)c3c(N4CC(C)(C)c5ncc(cc45)N6CCOCC6)c2C)S(=O)(=O)C
CHEMBL2216892,UTIUYGXIWRQSMG-HNNXBMFYSA-N,,,O00329,PI3-KINASE P110-DELTA SUBUNIT,PIK3CD,22924688.0,pKI,8.645891560852599,NM,C[C@H](Nc1ncnc(N)c1C#N)c2nc3ccc(F)cc3c(NCCS(=O)(=O)C)c2c4ccccc4
CHEMBL3401987,UVHNIMCYDWMRAE-LOTSEXGMSA-N,,,O00329,PI3-KINASE P110-DELTA SUBUNIT,PIK3CD,25827523.0,pKI,5.3979400086720375,NM,CC(O)[C@H]1C2CCC(CC2)[C@@H]1Nc3nc(ncc3F)c4c[nH]c5ncc(F)cc45
CHEMBL3401976,UXVRWSBRRRIFQG-SBBZOCNPSA-N,,,O00329,PI3-KINASE P110-DELTA SUBUNIT,PIK3CD,25827523.0,pKI,5.3979400086720375,NM,OP(=O)(O)[C@H]1C2CCC(CC2)[C@@H]1Nc3nc(ncc3F)c4c[nH]c5ncc(F)cc45
CHEMBL2165019,UZUPOMTXPRNVLO-UHFFFAOYSA-N,,,O00329,PI3-KINASE P110-DELTA SUBUNIT,PIK3CD,22548365.0,pKI,8.522878745280337,NM,COc1ccc(Nc2ncc(CN3CCC(CC3)S(=O)(=O)C)cc2c4nc(C)nc(N)n4)cn1
CHEMBL3401984,VAPOMSIOLKMAIW-DBPFDUESSA-N,,,O00329,PI3-KINASE P110-DELTA SUBUNIT,PIK3CD,25827523.0,pKI,5.795880017344075,NM,OCC(O)[C@H]1C2CCC(CC2)[C@@H]1Nc3nc(ncc3F)c4c[nH]c5ncc(F)cc45
CHEMBL2165023,VBYCMVGPGAGETD-UHFFFAOYSA-N,,,O00329,PI3-KINASE P110-DELTA SUBUNIT,PIK3CD,22548365.0,pKI,7.036212172654444,NM,COc1ccc(Nc2ncc(Br)cc2c3nc(C)nc(N)n3)cn1
CHEMBL2418339,VNORXAXGKIUEIT-ZDUSSCGKSA-N,,,O00329,PI3-KINASE P110-DELTA SUBUNIT,PIK3CD,23932790.0,pKI,5.0,NM,CCNC(=O)Nc1ccc(cc1)c2nc(N3CCOC[C@@H]3C)c4c(ncn4C)n2
CHEMBL2418348,VTYVKKWVPPWPFR-ZDUSSCGKSA-N,,,O00329,PI3-KINASE P110-DELTA SUBUNIT,PIK3CD,23932790.0,pKI,5.0,NM,CCNC(=O)Nc1ccc(cc1)c2nc(N3CCOC[C@@H]3C)c4c(cnn4C)n2
CHEMBL2071342,WBQNJPBYOGNEQC-UHFFFAOYSA-N,,,O00329,PI3-KINASE P110-DELTA SUBUNIT,PIK3CD,22863202.0,pKI,6.327902142064283,NM,CCn1nnc(CCNC(=O)Nc2nc(C)c(s2)c3ccc(c(F)c3)S(=O)(=O)C)n1
CHEMBL2165004,WGLLEJISTFRVBO-UHFFFAOYSA-N,,,O00329,PI3-KINASE P110-DELTA SUBUNIT,PIK3CD,22548365.0,pKI,8.522878745280337,NM,COc1ccc(Nc2ncc(CN3CCC(C3)S(=O)(=O)C)cc2c4nc(C)nc(N)n4)cn1
CHEMBL3680926,WGTPXTPWJNFMAW-UHFFFAOYSA-N,,,O00329,PI3-KINASE P110-DELTA SUBUNIT,PIK3CD,,pKI,7.095825631715837,NM,CC(Nc1ncnc2[nH]cnc12)C3=C(C(=O)N4C(=CC=CC4=N3)C)c5ccccn5
CHEMBL2165271,WHJXPQMHEGTMAA-UHFFFAOYSA-N,,,O00329,PI3-KINASE P110-DELTA SUBUNIT,PIK3CD,22548365.0,pKI,6.431798275933005,NM,Cc1nc(N)cc(n1)c2cccnc2Nc3cccc4[nH]ncc34
CHEMBL3401989,WIMOLDAKNKMBFB-DFYNNNJYSA-N,,,O00329,PI3-KINASE P110-DELTA SUBUNIT,PIK3CD,25827523.0,pKI,5.920818753952375,NM,Cc1oc(nn1)[C@H]2C3CCC(CC3)[C@@H]2Nc4nc(ncc4F)c5c[nH]c6ncc(F)cc56
CHEMBL2216849,WIYSJQLHHOXWOR-UHFFFAOYSA-N,,,O00329,PI3-KINASE P110-DELTA SUBUNIT,PIK3CD,22924688.0,pKI,8.0,NM,CCNC(=O)Nc1nc2ccc(cc2s1)c3cncc(c3)C(F)(F)F
CHEMBL3680924,WLFHQRIZGZYPRK-UHFFFAOYSA-N,,,O00329,PI3-KINASE P110-DELTA SUBUNIT,PIK3CD,,pKI,7.966576244513051,NM,CC(Nc1ncnc(N)c1C#N)C2=C(C(=O)N3C(=CC=CC3=N2)C)c4ccccn4
CHEMBL3680916,WLFHQRIZGZYPRK-ZDUSSCGKSA-N,,,O00329,PI3-KINASE P110-DELTA SUBUNIT,PIK3CD,,pKI,7.669586226650809,NM,C[C@H](Nc1ncnc(N)c1C#N)C2=C(C(=O)N3C(=CC=CC3=N2)C)c4ccccn4
CHEMBL2165016,WNLWNUNVLRWGBW-UHFFFAOYSA-N,,,O00329,PI3-KINASE P110-DELTA SUBUNIT,PIK3CD,22548365.0,pKI,8.522878745280337,NM,COc1ccc(Nc2ncc(CN3CCN(CC3)C(=O)N(C)C)cc2c4nc(C)nc(N)n4)cn1
CHEMBL2418341,WRTOVIRXJCSIDO-AWEZNQCLSA-N,,,O00329,PI3-KINASE P110-DELTA SUBUNIT,PIK3CD,23932790.0,pKI,5.0,NM,CCNC(=O)Nc1ccc(cc1)c2nc(N3CCOC[C@@H]3C)c4c(ncn4CC)n2
CHEMBL3680911,WYIQWWZYDNGOEC-JTQLQIEISA-N,,,O00329,PI3-KINASE P110-DELTA SUBUNIT,PIK3CD,,pKI,7.195860567664649,NM,C[C@H](Nc1ncnc(N)c1C#N)c2nc3ccc(F)cc3c(O)c2c4cc(F)cc(F)c4
CHEMBL2071332,WYSQFPDONBSMIQ-UHFFFAOYSA-N,,,O00329,PI3-KINASE P110-DELTA SUBUNIT,PIK3CD,22863202.0,pKI,7.130768280269024,NM,CC(=O)Nc1nc(C)c(s1)c2ccc(c(c2)C(F)(F)F)S(=O)(=O)C
CHEMBL2165048,WYWUAOZMZICRIV-UHFFFAOYSA-N,,,O00329,PI3-KINASE P110-DELTA SUBUNIT,PIK3CD,22548365.0,pKI,6.040958607678906,NM,COc1ccc(Nc2cccnc2c3nc(C)nc(N)n3)cn1
CHEMBL1986603,XBNSDTLFWKORGH-UHFFFAOYSA-N,,,O00329,PI3-KINASE P110-DELTA SUBUNIT,PIK3CD,22863202.0,pKI,8.397940008672037,NM,Cc1onc(NC(=O)CCNC(=O)Nc2nc(C)c(s2)c3ccc(cc3)n4cccn4)c1
CHEMBL2165009,XDLCZYNDGPSHBI-UHFFFAOYSA-N,,,O00329,PI3-KINASE P110-DELTA SUBUNIT,PIK3CD,22548365.0,pKI,7.721246399047171,NM,COc1ccc(Nc2ncc(CN3CCCCC3)cc2c4nc(C)nc(N)n4)cn1
CHEMBL3680910,XHEWXPUYGAQLQE-CYBMUJFWSA-N,,,O00329,PI3-KINASE P110-DELTA SUBUNIT,PIK3CD,,pKI,5.199282921717615,NM,C[C@@H](Nc1ncnc(N)c1C#N)C2=C(C(=O)N3C=CC=CC3=N2)c4ccccc4
CHEMBL3680923,XHEWXPUYGAQLQE-UHFFFAOYSA-N,,,O00329,PI3-KINASE P110-DELTA SUBUNIT,PIK3CD,,pKI,7.798602875679548,NM,CC(Nc1ncnc(N)c1C#N)C2=C(C(=O)N3C=CC=CC3=N2)c4ccccc4
CHEMBL3680915,XHEWXPUYGAQLQE-ZDUSSCGKSA-N,,,O00329,PI3-KINASE P110-DELTA SUBUNIT,PIK3CD,,pKI,8.086186147616283,NM,C[C@H](Nc1ncnc(N)c1C#N)C2=C(C(=O)N3C=CC=CC3=N2)c4ccccc4
CHEMBL2216902,XRLOEZGWBZHADC-UHFFFAOYSA-N,,,O00329,PI3-KINASE P110-DELTA SUBUNIT,PIK3CD,22924688.0,pKI,9.337242168318426,NM,CC(C)c1nc2ccccc2n1c3nc(N4CCOCC4)c5nc(OC6CN(C6)C7CCS(=O)(=O)CC7)n(C)c5n3
CHEMBL2216902,XRLOEZGWBZHADC-UHFFFAOYSA-N,,,O00329,PI3-KINASE P110-DELTA SUBUNIT,PIK3CD,23867164.0,pKI,9.327902142064282,NM,CC(C)c1nc2ccccc2n1c3nc(N4CCOCC4)c5nc(OC6CN(C6)C7CCS(=O)(=O)CC7)n(C)c5n3
CHEMBL2165042,XWEIMGLXKNLZSJ-UHFFFAOYSA-N,,,O00329,PI3-KINASE P110-DELTA SUBUNIT,PIK3CD,22548365.0,pKI,5.301029995663981,NM,Cc1nc(c2cccnc2Nc3cccc4[nH]ncc34)c5cn[nH]c5n1
CHEMBL2165269,XZIRFISMMDAPDH-UHFFFAOYSA-N,,,O00329,PI3-KINASE P110-DELTA SUBUNIT,PIK3CD,22548365.0,pKI,7.431798275933005,NM,COc1ccc(Nc2ncccc2c3nc(C)nc(N)n3)cn1
CHEMBL2165053,YCLSLKKTHSFLGB-UHFFFAOYSA-N,,,O00329,PI3-KINASE P110-DELTA SUBUNIT,PIK3CD,22548365.0,pKI,6.886056647693163,NM,Cc1nc(N)nc(n1)c2cccnc2Nc3cccc4[nH]ncc34
CHEMBL2414239,YEDVUXCWDIADJS-UHFFFAOYSA-N,,,O00329,PI3-KINASE P110-DELTA SUBUNIT,PIK3CD,23867164.0,pKI,8.638272163982407,NM,Cn1c(CN2CCC(CC2)C(C)(C)O)nc3c(nc(nc13)c4cccc5[nH]ncc45)N6CCOCC6
CHEMBL1615189,YGBMCLDVRUGXOV-UHFFFAOYSA-N,,,O00329,PI3-KINASE P110-DELTA SUBUNIT,PIK3CD,21332118.0,pKI,8.920818753952375,NM,CC(=O)Nc1nc2ccc(cc2s1)c3cnc(Cl)c(NS(=O)(=O)c4ccc(F)cc4)c3
CHEMBL3680919,YIHROKLLMDXLSC-UHFFFAOYSA-N,,,O00329,PI3-KINASE P110-DELTA SUBUNIT,PIK3CD,,pKI,7.481486060122112,NM,CC(Nc1ncnc(N)c1C#N)C2=C(C(=O)c3cc(F)ccc3N2C)c4cc(F)cc(F)c4
CHEMBL2071337,YLEDQBBRVSCHOM-LBPRGKRZSA-N,,,O00329,PI3-KINASE P110-DELTA SUBUNIT,PIK3CD,22863202.0,pKI,5.777283528852417,NM,Cc1nc(NC(=O)N2CCC[C@H]2C(=O)N)sc1c3ccc(c(c3)C(F)(F)F)S(=O)(=O)C
CHEMBL3401982,YQHXFSMWBWXLGR-SBBZOCNPSA-N,,,O00329,PI3-KINASE P110-DELTA SUBUNIT,PIK3CD,25827523.0,pKI,5.3979400086720375,NM,Fc1cnc2[nH]cc(c3ncc(F)c(N[C@H]4C5CCC(CC5)[C@@H]4C6=NC(=O)ON6)n3)c2c1
CHEMBL3401977,YQXSREGMIKNZEU-TZQPCPOVSA-N,,,O00329,PI3-KINASE P110-DELTA SUBUNIT,PIK3CD,25827523.0,pKI,5.508638306165727,NM,OP(=O)(O)CC[C@H]1C2CCC(CC2)[C@@H]1Nc3nc(ncc3F)c4c[nH]c5ncc(F)cc45
CHEMBL2165039,YXRVSHHKBCULEI-UHFFFAOYSA-N,,,O00329,PI3-KINASE P110-DELTA SUBUNIT,PIK3CD,22548365.0,pKI,7.154901959985743,NM,COc1ccc(Nc2ncccc2c3nc(C)nc4[nH]cnc34)cn1
CHEMBL2381373,YZIQNVDBRMRXLM-UHFFFAOYSA-N,,,O00329,PI3-KINASE P110-DELTA SUBUNIT,PIK3CD,23540645.0,pKI,9.214670164989233,NM,CC(C)n1ncnc1c2nc3c(CCOc4cc(ccc34)c5cnn(CCO)c5)s2
CHEMBL2071326,ZASMRPOKAYRYIC-UHFFFAOYSA-N,,,O00329,PI3-KINASE P110-DELTA SUBUNIT,PIK3CD,22863202.0,pKI,6.6777807052660805,NM,CC(=O)Nc1nc(C)c(s1)c2ccc(cc2)S(=O)(=O)N
CHEMBL3680903,ZEYGYQAFDRTRAI-UHFFFAOYSA-N,,,O00329,PI3-KINASE P110-DELTA SUBUNIT,PIK3CD,,pKI,7.071092309756048,NM,CC1=CC=CC2=NC(=C(C(=O)N12)c3cccc(F)c3)Cn4nc(I)c5c(N)ncnc45
CHEMBL2165046,ZHLGCXHMAAIMNM-UHFFFAOYSA-N,,,O00329,PI3-KINASE P110-DELTA SUBUNIT,PIK3CD,22548365.0,pKI,6.508638306165727,NM,COc1ccc(Nc2ccccc2c3nc(C)nc(N)n3)cn1
CHEMBL3680904,ZROSQJJHCAXSRZ-UHFFFAOYSA-N,,,O00329,PI3-KINASE P110-DELTA SUBUNIT,PIK3CD,,pKI,5.201832940284061,NM,CC1=CC=CC2=NC(=C(C(=O)N12)c3ccccc3C)Cn4cnc5c(N)ncnc45
CHEMBL2165049,ZTODRPDFEHQEID-UHFFFAOYSA-N,,,O00329,PI3-KINASE P110-DELTA SUBUNIT,PIK3CD,22548365.0,pKI,7.2076083105017466,NM,COc1ccc(Nc2ncncc2c3nc(C)nc(N)n3)cn1
